pop	bam	mom	dad	sex	class1	B1	S1U	S1V	S1B	S1G	S1Y	S1R	blackproportion
AG	AG01_S94.r.bam	0	0	2	-9	1048.452	0.166	0.2	0.283	0.257	0.21	0.302	-9
AG	AG02_S231.r.bam	0	0	2	-9	1048.452	0.166	0.2	0.283	0.257	0.21	0.302	-9
AG	AG03_S230.r.bam	0	0	2	-9	1048.452	0.166	0.2	0.283	0.257	0.21	0.302	-9
AG	AG04_S188.r.bam	0	0	1	-9	1048.452	0.166	0.2	0.283	0.257	0.21	0.302	-9
AG	AG05_S241.r.bam	0	0	2	-9	1048.452	0.166	0.2	0.283	0.257	0.21	0.302	-9
AG	AG07_S195.r.bam	0	0	2	-9	1048.452	0.166	0.2	0.283	0.257	0.21	0.302	-9
AG	AG08_S196.r.bam	0	0	1	-9	1048.452	0.166	0.2	0.283	0.257	0.21	0.302	-9
AG	AG09_S166.r.bam	0	0	2	-9	1048.452	0.166	0.2	0.283	0.257	0.21	0.302	-9
AG	AG10_S157.r.bam	0	0	1	-9	1048.452	0.166	0.2	0.283	0.257	0.21	0.302	-9
AG	AG11_S184.r.bam	0	0	2	-9	1048.452	0.166	0.2	0.283	0.257	0.21	0.302	-9
AG	AG12_S237.r.bam	0	0	1	-9	1048.452	0.166	0.2	0.283	0.257	0.21	0.302	-9
AG	AG13_S77.r.bam	0	0	2	-9	1048.452	0.166	0.2	0.283	0.257	0.21	0.302	-9
AG	AG14_S225.r.bam	0	0	1	-9	1048.452	0.166	0.2	0.283	0.257	0.21	0.302	-9
AG	AG15_S186.r.bam	0	0	2	-9	1048.452	0.166	0.2	0.283	0.257	0.21	0.302	-9
AG	AG16_S164.r.bam	0	0	1	-9	1048.452	0.166	0.2	0.283	0.257	0.21	0.302	-9
AG	AG17_S148.r.bam	0	0	2	-9	1048.452	0.166	0.2	0.283	0.257	0.21	0.302	-9
AG	AG18_S47.r.bam	0	0	1	-9	1048.452	0.166	0.2	0.283	0.257	0.21	0.302	-9
AG	AG19_S130.r.bam	0	0	2	-9	1048.452	0.166	0.2	0.283	0.257	0.21	0.302	-9
AG	AG20_S86.r.bam	0	0	1	-9	1048.452	0.166	0.2	0.283	0.257	0.21	0.302	-9
AG	AG21_S45.r.bam	0	0	2	-9	1048.452	0.166	0.2	0.283	0.257	0.21	0.302	-9
AG	AG22_S44.r.bam	0	0	1	-9	1048.452	0.166	0.2	0.283	0.257	0.21	0.302	-9
AG	AG23_S142.r.bam	0	0	2	-9	1048.452	0.166	0.2	0.283	0.257	0.21	0.302	-9
AG	AG24_S172.r.bam	0	0	1	-9	1048.452	0.166	0.2	0.283	0.257	0.21	0.302	-9
AG	AG25_S236.r.bam	0	0	2	-9	1048.452	0.166	0.2	0.283	0.257	0.21	0.302	-9
AG	AG26_S121.r.bam	0	0	1	-9	1048.452	0.166	0.2	0.283	0.257	0.21	0.302	-9
AG	AG27_S34.r.bam	0	0	1	-9	1048.452	0.166	0.2	0.283	0.257	0.21	0.302	-9
AG	AG28_S154.r.bam	0	0	2	-9	1048.452	0.166	0.2	0.283	0.257	0.21	0.302	-9
AG	AG29_S181.r.bam	0	0	1	-9	1048.452	0.166	0.2	0.283	0.257	0.21	0.302	-9
AG	AG30_S5.r.bam	0	0	2	-9	1048.452	0.166	0.2	0.283	0.257	0.21	0.302	-9
AG	AG31_S192.r.bam	0	0	1	-9	1048.452	0.166	0.2	0.283	0.257	0.21	0.302	-9
RA	AG32_S258.r.bam	0	0	2	-9	769.055	0.177	0.21	0.265	0.242	0.204	0.323	-9
RA	AG33_S261.r.bam	0	0	2	-9	769.055	0.177	0.21	0.265	0.242	0.204	0.323	-9
RA	AG34_S274.r.bam	0	0	2	-9	769.055	0.177	0.21	0.265	0.242	0.204	0.323	-9
RA	AG35_S284.r.bam	0	0	2	-9	769.055	0.177	0.21	0.265	0.242	0.204	0.323	-9
RA	AG36_S266.r.bam	0	0	2	-9	769.055	0.177	0.21	0.265	0.242	0.204	0.323	-9
RA	AG37_S302.r.bam	0	0	2	-9	769.055	0.177	0.21	0.265	0.242	0.204	0.323	-9
RA	AG38_S253.r.bam	0	0	2	-9	769.055	0.177	0.21	0.265	0.242	0.204	0.323	-9
CL	CL02_S171.r.bam	0	0	2	3	1937.885	0.08	0.087	0.06	0.459	0.382	0.409	0.3378400884192039
CL	CL03_S133.r.bam	0	0	1	3	1937.885	0.08	0.087	0.06	0.459	0.382	0.409	0.4042443064182194
CL	CL04_S159.r.bam	0	0	2	1	1937.885	0.08	0.087	0.06	0.459	0.382	0.409	0.1311848610962899
CL	CL05_S150.r.bam	0	0	2	1	1937.885	0.08	0.087	0.06	0.459	0.382	0.409	0.1051651421372624
CL	CL06_S79.r.bam	0	0	1	3	1937.885	0.08	0.087	0.06	0.459	0.382	0.409	0.2595041648572895
CL	CL07_S183.r.bam	0	0	2	3	1937.885	0.08	0.087	0.06	0.459	0.382	0.409	0.1659998534476441
CL	CL08_S134.r.bam	0	0	2	2	1937.885	0.08	0.087	0.06	0.459	0.382	0.409	0.2161355019104364
CL	CL09_S114.r.bam	0	0	2	2	1937.885	0.08	0.087	0.06	0.459	0.382	0.409	0.2081685523344452
CL	CL10_S152.r.bam	0	0	2	4	1937.885	0.08	0.087	0.06	0.459	0.382	0.409	0.2138621200889547
CL	CL11_S93.r.bam	0	0	1	3	1937.885	0.08	0.087	0.06	0.459	0.382	0.409	0.2581462322009493
CL	CL12_S147.r.bam	0	0	1	2	1937.885	0.08	0.087	0.06	0.459	0.382	0.409	-9
CL	CL13_S262.r.bam	0	0	1	2	1937.885	0.08	0.087	0.06	0.459	0.382	0.409	0.2194545063596817
CL	CL14_S280.r.bam	0	0	2	3	1937.885	0.08	0.087	0.06	0.459	0.382	0.409	0.5284066593601586
CL	CL15_S320.r.bam	0	0	1	3	1937.885	0.08	0.087	0.06	0.459	0.382	0.409	0.4763101679132864
CL	CL16_S263.r.bam	0	0	2	3	1937.885	0.08	0.087	0.06	0.459	0.382	0.409	0.3351115099544653
CMR	CMR01_S140.r.bam	0	0	1	2	3163.221	0.052	0.06	0.061	0.246	0.341	0.648	0.301985666212849
CMR	CMR02_S30.r.bam	0	0	1	4	3163.221	0.052	0.06	0.061	0.246	0.341	0.648	0.6137217779536014
CMR	CMR03_S13.r.bam	0	0	1	2	3163.221	0.052	0.06	0.061	0.246	0.341	0.648	0.4370347089905517
CMR	CMR04_S29.r.bam	0	0	1	2	3163.221	0.052	0.06	0.061	0.246	0.341	0.648	0.19899687917967
CMR	CMR05_S226.r.bam	0	0	1	3	3163.221	0.052	0.06	0.061	0.246	0.341	0.648	0.5836050746197605
CMR	CMR06_S81.r.bam	0	0	1	3	3163.221	0.052	0.06	0.061	0.246	0.341	0.648	0.3549670354229522
CMR	CMR07_S64.r.bam	0	0	1	2	3163.221	0.052	0.06	0.061	0.246	0.341	0.648	0.2287728707989099
CMR	CMR08_S53.r.bam	0	0	1	4	3163.221	0.052	0.06	0.061	0.246	0.341	0.648	0.6063423505342124
CMR	CMR09_S40.r.bam	0	0	2	3	3163.221	0.052	0.06	0.061	0.246	0.341	0.648	0.4411664028068974
CMR	CMR10_S10.r.bam	0	0	2	2	3163.221	0.052	0.06	0.061	0.246	0.341	0.648	0.3026705028974348
CMR	CMR11_S68.r.bam	0	0	2	4	3163.221	0.052	0.06	0.061	0.246	0.341	0.648	0.6248484586075511
CMR	CMR12_S58.r.bam	0	0	2	3	3163.221	0.052	0.06	0.061	0.246	0.341	0.648	0.446299242514188
CMR	CMR13_S36.r.bam	0	0	2	4	3163.221	0.052	0.06	0.061	0.246	0.341	0.648	0.4127876486752952
CMR	CMR14_S97.r.bam	0	0	2	3	3163.221	0.052	0.06	0.061	0.246	0.341	0.648	0.5345117059975748
CMR	CMR15_S23.r.bam	0	0	2	4	3163.221	0.052	0.06	0.061	0.246	0.341	0.648	0.4719631344573188
CMR	CMR16_S12.r.bam	0	0	2	2	3163.221	0.052	0.06	0.061	0.246	0.341	0.648	0.3377952374023958
CMR	CMR17_S66.r.bam	0	0	2	4	3163.221	0.052	0.06	0.061	0.246	0.341	0.648	0.6230211817168338
CMR	CMR18_S102.r.bam	0	0	2	3	3163.221	0.052	0.06	0.061	0.246	0.341	0.648	0.454248421625853
CMR	CMR19_S160.r.bam	0	0	2	4	3163.221	0.052	0.06	0.061	0.246	0.341	0.648	0.5303846066471296
CMR	CMR20_S37.r.bam	0	0	2	2	3163.221	0.052	0.06	0.061	0.246	0.341	0.648	0.3010020353843745
CMR	CMR21_S49.r.bam	0	0	2	3	3163.221	0.052	0.06	0.061	0.246	0.341	0.648	0.4597108082804536
CMR	CMR22_S131.r.bam	0	0	2	4	3163.221	0.052	0.06	0.061	0.246	0.341	0.648	0.4056204428093349
CMR	CMR23_S25.r.bam	0	0	2	3	3163.221	0.052	0.06	0.061	0.246	0.341	0.648	0.4003393345272881
CMR	CMR24_S20.r.bam	0	0	1	3	3163.221	0.052	0.06	0.061	0.246	0.341	0.648	0.4446131131859677
CMR	CMR25_S95.r.bam	0	0	1	4	3163.221	0.052	0.06	0.061	0.246	0.341	0.648	0.4205221451500662
CMR	CMR26_S78.r.bam	0	0	1	1	3163.221	0.052	0.06	0.061	0.246	0.341	0.648	0.2972851917286684
CMR	CMR27_S35.r.bam	0	0	1	3	3163.221	0.052	0.06	0.061	0.246	0.341	0.648	0.4400532859680284
CMR	CMR28_S89.r.bam	0	0	1	4	3163.221	0.052	0.06	0.061	0.246	0.341	0.648	0.3833747583540458
CMR	CMR29_S27.r.bam	0	0	1	1	3163.221	0.052	0.06	0.061	0.246	0.341	0.648	0.3492343674153833
CMR	CMR30_S72.r.bam	0	0	1	2	3163.221	0.052	0.06	0.061	0.246	0.341	0.648	0.3215064501008783
CMR	CM_UN_01_S257.r.bam	0	0	1	1	3163.221	0.052	0.06	0.061	0.246	0.341	0.648	0.2242806274660764
CMR	CM_UN_02_S276.r.bam	0	0	2	3	3163.221	0.052	0.06	0.061	0.246	0.341	0.648	0.3254785668780147
CMR	CM_UN_03_S259.r.bam	0	0	2	3	3163.221	0.052	0.06	0.061	0.246	0.341	0.648	0.4080958203994607
CMY	CMY01_S16.r.bam	0	0	1	4	3656.143	0.052	0.068	0.154	0.353	0.333	0.449	0.6404198918460396
CMY	CMY02_S129.r.bam	0	0	1	5	3656.143	0.052	0.068	0.154	0.353	0.333	0.449	0.7293527803099362
CMY	CMY03_S38.r.bam	0	0	1	4	3656.143	0.052	0.068	0.154	0.353	0.333	0.449	0.6463646745336886
CMY	CMY04_S65.r.bam	0	0	1	4	3656.143	0.052	0.068	0.154	0.353	0.333	0.449	0.6652150014798529
CMY	CMY05_S55.r.bam	0	0	1	2	3656.143	0.052	0.068	0.154	0.353	0.333	0.449	0.3553012297199545
CMY	CMY06_S26.r.bam	0	0	1	4	3656.143	0.052	0.068	0.154	0.353	0.333	0.449	0.6665245505578057
CMY	CMY07_S50.r.bam	0	0	1	3	3656.143	0.052	0.068	0.154	0.353	0.333	0.449	0.458599159950051
CMY	CMY08_S227.r.bam	0	0	1	5	3656.143	0.052	0.068	0.154	0.353	0.333	0.449	0.7507916619204921
CMY	CMY09_S21.r.bam	0	0	1	4	3656.143	0.052	0.068	0.154	0.353	0.333	0.449	0.5908198207271629
CMY	CMY10_S42.r.bam	0	0	1	4	3656.143	0.052	0.068	0.154	0.353	0.333	0.449	0.7440184256875763
CMY	CMY11_S24.r.bam	0	0	1	3	3656.143	0.052	0.068	0.154	0.353	0.333	0.449	0.4698007384233815
CMY	CMY12_S54.r.bam	0	0	1	3	3656.143	0.052	0.068	0.154	0.353	0.333	0.449	0.5237773574709538
CMY	CMY13_S46.r.bam	0	0	1	3	3656.143	0.052	0.068	0.154	0.353	0.333	0.449	0.3854204966051425
CMY	CMY14_S32.r.bam	0	0	1	3	3656.143	0.052	0.068	0.154	0.353	0.333	0.449	0.5063984933359088
CMY	CMY15_S61.r.bam	0	0	1	4	3656.143	0.052	0.068	0.154	0.353	0.333	0.449	0.7685707412258427
CMY	CMY16_S178.r.bam	0	0	2	4	3656.143	0.052	0.068	0.154	0.353	0.333	0.449	0.6833447415487205
CMY	CMY17_S132.r.bam	0	0	2	4	3656.143	0.052	0.068	0.154	0.353	0.333	0.449	0.6857173701824463
CMY	CMY18_S76.r.bam	0	0	2	4	3656.143	0.052	0.068	0.154	0.353	0.333	0.449	0.8142989786443825
CMY	CMY19_S100.r.bam	0	0	2	5	3656.143	0.052	0.068	0.154	0.353	0.333	0.449	0.7735197075084715
CMY	CMY20_S90.r.bam	0	0	2	3	3656.143	0.052	0.068	0.154	0.353	0.333	0.449	0.5755782064174056
CMY	CMY21_S41.r.bam	0	0	2	4	3656.143	0.052	0.068	0.154	0.353	0.333	0.449	0.6389341022182952
CMY	CMY22_S138.r.bam	0	0	2	4	3656.143	0.052	0.068	0.154	0.353	0.333	0.449	0.7446640316205534
CMY	CMY23_S144.r.bam	0	0	2	4	3656.143	0.052	0.068	0.154	0.353	0.333	0.449	0.613156718349293
CMY	CMY24_S73.r.bam	0	0	2	4	3656.143	0.052	0.068	0.154	0.353	0.333	0.449	0.5387916566770559
CMY	CMY25_S56.r.bam	0	0	2	4	3656.143	0.052	0.068	0.154	0.353	0.333	0.449	0.6623250152160681
CMY	CMY26_S9.r.bam	0	0	2	3	3656.143	0.052	0.068	0.154	0.353	0.333	0.449	0.5514915693904021
CMY	CMY27_S52.r.bam	0	0	2	4	3656.143	0.052	0.068	0.154	0.353	0.333	0.449	0.686823948364122
CMY	CMY28_S51.r.bam	0	0	1	3	3656.143	0.052	0.068	0.154	0.353	0.333	0.449	0.4754107308553026
CMY	CMY29_S57.r.bam	0	0	1	3	3656.143	0.052	0.068	0.154	0.353	0.333	0.449	0.6511710343081403
CMY	CMY30_S22.r.bam	0	0	1	4	3656.143	0.052	0.068	0.154	0.353	0.333	0.449	0.5293870418298051
DBB	DBB01_S272.r.bam	0	0	1	-9	1048.452	0.166	0.2	0.283	0.257	0.21	0.302	-9
DBB	DBB02_S300.r.bam	0	0	1	-9	1048.452	0.166	0.2	0.283	0.257	0.21	0.302	-9
DBB	DBB03_S313.r.bam	0	0	2	-9	1048.452	0.166	0.2	0.283	0.257	0.21	0.302	-9
DBB	DBB04_S314.r.bam	0	0	2	-9	1048.452	0.166	0.2	0.283	0.257	0.21	0.302	-9
DBB	DBB05_S286.r.bam	0	0	1	-9	1048.452	0.166	0.2	0.283	0.257	0.21	0.302	-9
DBB	DBB06_S308.r.bam	0	0	1	-9	1048.452	0.166	0.2	0.283	0.257	0.21	0.302	-9
DBB	DBB07_S288.r.bam	0	0	1	-9	1048.452	0.166	0.2	0.283	0.257	0.21	0.302	-9
DBB	DBB08_S322.r.bam	0	0	1	-9	1048.452	0.166	0.2	0.283	0.257	0.21	0.302	-9
DBB	DBB09_S339.r.bam	0	0	2	-9	1048.452	0.166	0.2	0.283	0.257	0.21	0.302	-9
DBB	DBB10_S292.r.bam	0	0	2	-9	1048.452	0.166	0.2	0.283	0.257	0.21	0.302	-9
DBB	DBB11_S62.r.bam	0	0	1	-9	1048.452	0.166	0.2	0.283	0.257	0.21	0.302	-9
DBB	DBB12_S335.r.bam	0	0	1	-9	1048.452	0.166	0.2	0.283	0.257	0.21	0.302	-9
DBB	DBB13_S217.r.bam	0	0	1	-9	1048.452	0.166	0.2	0.283	0.257	0.21	0.302	-9
DBB	DBB14_S345.r.bam	0	0	1	-9	1048.452	0.166	0.2	0.283	0.257	0.21	0.302	-9
DBB	DBB15_S198.r.bam	0	0	2	-9	1048.452	0.166	0.2	0.283	0.257	0.21	0.302	-9
DBB	DBB16_S222.r.bam	0	0	2	-9	1048.452	0.166	0.2	0.283	0.257	0.21	0.302	-9
DBB	DBB17_S318.r.bam	0	0	2	-9	1048.452	0.166	0.2	0.283	0.257	0.21	0.302	-9
DBB	DBB18_S224.r.bam	0	0	2	-9	1048.452	0.166	0.2	0.283	0.257	0.21	0.302	-9
DBB	DBB19_S220.r.bam	0	0	1	-9	1048.452	0.166	0.2	0.283	0.257	0.21	0.302	-9
DBB	DBB20_S316.r.bam	0	0	1	-9	1048.452	0.166	0.2	0.283	0.257	0.21	0.302	-9
DBB	DBB21_S338.r.bam	0	0	2	-9	1048.452	0.166	0.2	0.283	0.257	0.21	0.302	-9
DBB	DBB22_S223.r.bam	0	0	2	-9	1048.452	0.166	0.2	0.283	0.257	0.21	0.302	-9
DBB	DBB23_S206.r.bam	0	0	2	-9	1048.452	0.166	0.2	0.283	0.257	0.21	0.302	-9
DBB	DBB24_S235.r.bam	0	0	2	-9	1048.452	0.166	0.2	0.283	0.257	0.21	0.302	-9
DBB	DBB25_S212.r.bam	0	0	2	-9	1048.452	0.166	0.2	0.283	0.257	0.21	0.302	-9
DBB	DBB26_S204.r.bam	0	0	2	-9	1048.452	0.166	0.2	0.283	0.257	0.21	0.302	-9
DBB	DBB27_S319.r.bam	0	0	1	-9	1048.452	0.166	0.2	0.283	0.257	0.21	0.302	-9
DBB	DBB28_S210.r.bam	0	0	2	-9	1048.452	0.166	0.2	0.283	0.257	0.21	0.302	-9
DBB	DBB29_S317.r.bam	0	0	2	-9	1048.452	0.166	0.2	0.283	0.257	0.21	0.302	-9
DBB	DBB30_S347.r.bam	0	0	1	-9	1048.452	0.166	0.2	0.283	0.257	0.21	0.302	-9
DBB	DBB31_S294.r.bam	0	0	2	-9	1048.452	0.166	0.2	0.283	0.257	0.21	0.302	-9
DBB	DBB32_S333.r.bam	0	0	1	-9	1048.452	0.166	0.2	0.283	0.257	0.21	0.302	-9
DBI	DBI01_S299.r.bam	0	0	1	-9	1214.683	0.116	0.136	0.181	0.3	0.296	0.41	-9
DBI	DBI02_S33.r.bam	0	0	1	-9	1214.683	0.116	0.136	0.181	0.3	0.296	0.41	-9
DBI	DBI03_S296.r.bam	0	0	2	-9	1214.683	0.116	0.136	0.181	0.3	0.296	0.41	-9
DBI	DBI04_S305.r.bam	0	0	1	-9	1214.683	0.116	0.136	0.181	0.3	0.296	0.41	-9
DBI	DBI05_S336.r.bam	0	0	2	-9	1214.683	0.116	0.136	0.181	0.3	0.296	0.41	-9
DBI	DBI06_S256.r.bam	0	0	2	-9	1214.683	0.116	0.136	0.181	0.3	0.296	0.41	-9
DBI	DBI07_S63.r.bam	0	0	2	-9	1214.683	0.116	0.136	0.181	0.3	0.296	0.41	-9
DBI	DBI08_S324.r.bam	0	0	1	-9	1214.683	0.116	0.136	0.181	0.3	0.296	0.41	-9
DBI	DBI09_S332.r.bam	0	0	2	-9	1214.683	0.116	0.136	0.181	0.3	0.296	0.41	-9
DBI	DBI10_S337.r.bam	0	0	1	-9	1214.683	0.116	0.136	0.181	0.3	0.296	0.41	-9
DBI	DBI11_S306.r.bam	0	0	1	-9	1214.683	0.116	0.136	0.181	0.3	0.296	0.41	-9
DBI	DBI12_S216.r.bam	0	0	2	-9	1214.683	0.116	0.136	0.181	0.3	0.296	0.41	-9
DBI	DBI13_S200.r.bam	0	0	1	-9	1214.683	0.116	0.136	0.181	0.3	0.296	0.41	-9
DBI	DBI14_S215.r.bam	0	0	1	-9	1214.683	0.116	0.136	0.181	0.3	0.296	0.41	-9
DBI	DBI15_S279.r.bam	0	0	1	-9	1214.683	0.116	0.136	0.181	0.3	0.296	0.41	-9
DBI	DBI16_S214.r.bam	0	0	2	-9	1214.683	0.116	0.136	0.181	0.3	0.296	0.41	-9
DBI	DBI17_S285.r.bam	0	0	2	-9	1214.683	0.116	0.136	0.181	0.3	0.296	0.41	-9
DBI	DBI18_S325.r.bam	0	0	1	-9	1214.683	0.116	0.136	0.181	0.3	0.296	0.41	-9
DBI	DBI19_S304.r.bam	0	0	2	-9	1214.683	0.116	0.136	0.181	0.3	0.296	0.41	-9
DBI	DBI20_S205.r.bam	0	0	2	-9	1214.683	0.116	0.136	0.181	0.3	0.296	0.41	-9
DBI	DBI21_S329.r.bam	0	0	1	-9	1214.683	0.116	0.136	0.181	0.3	0.296	0.41	-9
DBI	DBI22_S346.r.bam	0	0	1	-9	1214.683	0.116	0.136	0.181	0.3	0.296	0.41	-9
DBI	DBI23_S243.r.bam	0	0	1	-9	1214.683	0.116	0.136	0.181	0.3	0.296	0.41	-9
DBI	DBI24_S239.r.bam	0	0	2	-9	1214.683	0.116	0.136	0.181	0.3	0.296	0.41	-9
DBI	DBI25_S281.r.bam	0	0	2	-9	1214.683	0.116	0.136	0.181	0.3	0.296	0.41	-9
DBI	DBI26_S219.r.bam	0	0	1	-9	1214.683	0.116	0.136	0.181	0.3	0.296	0.41	-9
DBI	DBI27_S342.r.bam	0	0	2	-9	1214.683	0.116	0.136	0.181	0.3	0.296	0.41	-9
DBI	DBI28_S199.r.bam	0	0	1	-9	1214.683	0.116	0.136	0.181	0.3	0.296	0.41	-9
DBI	DBI29_S326.r.bam	0	0	1	-9	1214.683	0.116	0.136	0.181	0.3	0.296	0.41	-9
DBI	DBI30_S203.r.bam	0	0	1	-9	1214.683	0.116	0.136	0.181	0.3	0.296	0.41	-9
DBI	DBI31_S312.r.bam	0	0	2	-9	1214.683	0.116	0.136	0.181	0.3	0.296	0.41	-9
DBI	DBI32_S201.r.bam	0	0	2	-9	1214.683	0.116	0.136	0.181	0.3	0.296	0.41	-9
DBI	DB_UN_01_S268.r.bam	0	0	2	-9	1214.683	0.116	0.136	0.181	0.3	0.296	0.41	-9
DBI	DB_UN_02_S255.r.bam	0	0	2	-9	1214.683	0.116	0.136	0.181	0.3	0.296	0.41	-9
DBI	DB_UN_03_S301.r.bam	0	0	1	-9	1214.683	0.116	0.136	0.181	0.3	0.296	0.41	-9
DBI	DB_UN_04_S283.r.bam	0	0	2	-9	1214.683	0.116	0.136	0.181	0.3	0.296	0.41	-9
DBI	DB_UN_05_S267.r.bam	0	0	1	-9	1214.683	0.116	0.136	0.181	0.3	0.296	0.41	-9
DBI	DB_UN_06_S270.r.bam	0	0	1	-9	1214.683	0.116	0.136	0.181	0.3	0.296	0.41	-9
DBI	DB_UN_07_S282.r.bam	0	0	1	-9	1214.683	0.116	0.136	0.181	0.3	0.296	0.41	-9
DBI	DB_UN_08_S275.r.bam	0	0	2	-9	1214.683	0.116	0.136	0.181	0.3	0.296	0.41	-9
DBI	DB_UN_09_S260.r.bam	0	0	2	-9	1214.683	0.116	0.136	0.181	0.3	0.296	0.41	-9
DBR	DBR01_S309.r.bam	0	0	2	-9	1202.397	0.092	0.106	0.124	0.275	0.331	0.518	-9
DBR	DBR02_S323.r.bam	0	0	2	-9	1202.397	0.092	0.106	0.124	0.275	0.331	0.518	-9
DBR	DBR03_S290.r.bam	0	0	1	-9	1202.397	0.092	0.106	0.124	0.275	0.331	0.518	-9
DBR	DBR04_S287.r.bam	0	0	1	-9	1202.397	0.092	0.106	0.124	0.275	0.331	0.518	-9
DBR	DBR05_S311.r.bam	0	0	1	-9	1202.397	0.092	0.106	0.124	0.275	0.331	0.518	-9
DBR	DBR06_S295.r.bam	0	0	2	-9	1202.397	0.092	0.106	0.124	0.275	0.331	0.518	-9
DBR	DBR07_S303.r.bam	0	0	1	-9	1202.397	0.092	0.106	0.124	0.275	0.331	0.518	-9
DBR	DBR08_S264.r.bam	0	0	2	-9	1202.397	0.092	0.106	0.124	0.275	0.331	0.518	-9
DBR	DBR09_S297.r.bam	0	0	1	-9	1202.397	0.092	0.106	0.124	0.275	0.331	0.518	-9
DBR	DBR10_S327.r.bam	0	0	1	-9	1202.397	0.092	0.106	0.124	0.275	0.331	0.518	-9
DBR	DBR11_S298.r.bam	0	0	1	-9	1202.397	0.092	0.106	0.124	0.275	0.331	0.518	-9
DBR	DBR12_S291.r.bam	0	0	1	-9	1202.397	0.092	0.106	0.124	0.275	0.331	0.518	-9
DBR	DBR13_S328.r.bam	0	0	2	-9	1202.397	0.092	0.106	0.124	0.275	0.331	0.518	-9
DBR	DBR14_S242.r.bam	0	0	1	-9	1202.397	0.092	0.106	0.124	0.275	0.331	0.518	-9
DBR	DBR16_S208.r.bam	0	0	1	-9	1202.397	0.092	0.106	0.124	0.275	0.331	0.518	-9
DBR	DBR17_S340.r.bam	0	0	1	-9	1202.397	0.092	0.106	0.124	0.275	0.331	0.518	-9
DBR	DBR18_S331.r.bam	0	0	1	-9	1202.397	0.092	0.106	0.124	0.275	0.331	0.518	-9
DBR	DBR19_S341.r.bam	0	0	1	-9	1202.397	0.092	0.106	0.124	0.275	0.331	0.518	-9
DBR	DBR20_S330.r.bam	0	0	1	-9	1202.397	0.092	0.106	0.124	0.275	0.331	0.518	-9
DBR	DBR21_S211.r.bam	0	0	1	-9	1202.397	0.092	0.106	0.124	0.275	0.331	0.518	-9
DBR	DBR22_S213.r.bam	0	0	2	-9	1202.397	0.092	0.106	0.124	0.275	0.331	0.518	-9
DBR	DBR23_S218.r.bam	0	0	2	-9	1202.397	0.092	0.106	0.124	0.275	0.331	0.518	-9
DBR	DBR24_S293.r.bam	0	0	2	-9	1202.397	0.092	0.106	0.124	0.275	0.331	0.518	-9
DBR	DBR25_S334.r.bam	0	0	2	-9	1202.397	0.092	0.106	0.124	0.275	0.331	0.518	-9
DBR	DBR26_S343.r.bam	0	0	2	-9	1202.397	0.092	0.106	0.124	0.275	0.331	0.518	-9
DBR	DBR27_S202.r.bam	0	0	1	-9	1202.397	0.092	0.106	0.124	0.275	0.331	0.518	-9
DBR	DBR28_S321.r.bam	0	0	1	-9	1202.397	0.092	0.106	0.124	0.275	0.331	0.518	-9
DBR	DBR29_S315.r.bam	0	0	1	-9	1202.397	0.092	0.106	0.124	0.275	0.331	0.518	-9
DBR	DBR30_S289.r.bam	0	0	1	-9	1202.397	0.092	0.106	0.124	0.275	0.331	0.518	-9
DBR	DBR31_S209.r.bam	0	0	1	-9	1202.397	0.092	0.106	0.124	0.275	0.331	0.518	-9
DBR	DBR32_S207.r.bam	0	0	2	-9	1202.397	0.092	0.106	0.124	0.275	0.331	0.518	-9
HP	HP01_S233.r.bam	0	0	1	2	5639.599	0.019	0.021	0.012	0.208	0.335	0.767	-9
HP	HP02_S158.r.bam	0	0	1	0	5639.599	0.019	0.021	0.012	0.208	0.335	0.767	-9
HP	HP03_S7.r.bam	0	0	2	3	5639.599	0.019	0.021	0.012	0.208	0.335	0.767	-9
HP	HP04_S43.r.bam	0	0	1	0	5639.599	0.019	0.021	0.012	0.208	0.335	0.767	-9
HP	HP05_S167.r.bam	0	0	1	1	5639.599	0.019	0.021	0.012	0.208	0.335	0.767	-9
HP	HP06_S4.r.bam	0	0	2	0	5639.599	0.019	0.021	0.012	0.208	0.335	0.767	-9
HP	HP07_S153.r.bam	0	0	2	0	5639.599	0.019	0.021	0.012	0.208	0.335	0.767	-9
HP	HP08_S117.r.bam	0	0	1	0	5639.599	0.019	0.021	0.012	0.208	0.335	0.767	-9
HP	HP09_S128.r.bam	0	0	1	0	5639.599	0.019	0.021	0.012	0.208	0.335	0.767	-9
HP	HP10_S60.r.bam	0	0	2	0	5639.599	0.019	0.021	0.012	0.208	0.335	0.767	-9
HP	HP11_S232.r.bam	0	0	1	0	5639.599	0.019	0.021	0.012	0.208	0.335	0.767	-9
HP	HP12_S82.r.bam	0	0	1	0	5639.599	0.019	0.021	0.012	0.208	0.335	0.767	-9
HP	HP13_S162.r.bam	0	0	1	0	5639.599	0.019	0.021	0.012	0.208	0.335	0.767	-9
HP	HP14_S119.r.bam	0	0	1	0	5639.599	0.019	0.021	0.012	0.208	0.335	0.767	-9
HP	HP15_S125.r.bam	0	0	1	0	5639.599	0.019	0.021	0.012	0.208	0.335	0.767	-9
HP	HP16_S87.r.bam	0	0	1	0	5639.599	0.019	0.021	0.012	0.208	0.335	0.767	-9
HP	HP17_S123.r.bam	0	0	2	2	5639.599	0.019	0.021	0.012	0.208	0.335	0.767	-9
HP	HP18_S118.r.bam	0	0	2	0	5639.599	0.019	0.021	0.012	0.208	0.335	0.767	-9
HP	HP19_S112.r.bam	0	0	1	0	5639.599	0.019	0.021	0.012	0.208	0.335	0.767	-9
HP	HP20_S124.r.bam	0	0	2	0	5639.599	0.019	0.021	0.012	0.208	0.335	0.767	-9
HP	HP21_S70.r.bam	0	0	2	0	5639.599	0.019	0.021	0.012	0.208	0.335	0.767	-9
HP	HP22_S115.r.bam	0	0	2	1	5639.599	0.019	0.021	0.012	0.208	0.335	0.767	-9
HP	HP23_S88.r.bam	0	0	2	0	5639.599	0.019	0.021	0.012	0.208	0.335	0.767	-9
HP	HP24_S229.r.bam	0	0	1	1	5639.599	0.019	0.021	0.012	0.208	0.335	0.767	-9
HP	HP25_S246.r.bam	0	0	2	3	5639.599	0.019	0.021	0.012	0.208	0.335	0.767	-9
HP	HP26_S245.r.bam	0	0	1	0	5639.599	0.019	0.021	0.012	0.208	0.335	0.767	-9
HP	HP27_S174.r.bam	0	0	1	0	5639.599	0.019	0.021	0.012	0.208	0.335	0.767	-9
HP	HP28_S111.r.bam	0	0	1	0	5639.599	0.019	0.021	0.012	0.208	0.335	0.767	-9
HP	HP29_S67.r.bam	0	0	1	0	5639.599	0.019	0.021	0.012	0.208	0.335	0.767	-9
HP	HP30_S99.r.bam	0	0	2	0	5639.599	0.019	0.021	0.012	0.208	0.335	0.767	-9
PP	PP01_S228.r.bam	0	0	2	5	1953.514	0.116	0.126	0.081	0.482	0.359	0.328	0.1659651904033581
PP	PP02_S120.r.bam	0	0	1	2	1953.514	0.116	0.126	0.081	0.482	0.359	0.328	0.1699835653022443
PP	PP03_S127.r.bam	0	0	2	3	1953.514	0.116	0.126	0.081	0.482	0.359	0.328	0.3192509806824069
PP	PP04_S108.r.bam	0	0	1	3	1953.514	0.116	0.126	0.081	0.482	0.359	0.328	0.3265181661559103
PP	PP05_S113.r.bam	0	0	2	4	1953.514	0.116	0.126	0.081	0.482	0.359	0.328	0.2487661451223353
PP	PP06_S169.r.bam	0	0	2	3	1953.514	0.116	0.126	0.081	0.482	0.359	0.328	0.2995642839902948
PP	PP07_S74.r.bam	0	0	1	1	1953.514	0.116	0.126	0.081	0.482	0.359	0.328	0.1644006732235838
PP	PP08_S39.r.bam	0	0	2	0	1953.514	0.116	0.126	0.081	0.482	0.359	0.328	0.1711986844423562
PP	PP09_S80.r.bam	0	0	1	4	1953.514	0.116	0.126	0.081	0.482	0.359	0.328	0.0366645620997564
PP	PP10_S135.r.bam	0	0	2	2	1953.514	0.116	0.126	0.081	0.482	0.359	0.328	0.2968715158542568
PP	PP11_S141.r.bam	0	0	1	5	1953.514	0.116	0.126	0.081	0.482	0.359	0.328	0.3518409367755118
PP	PP12_S240.r.bam	0	0	2	3	1953.514	0.116	0.126	0.081	0.482	0.359	0.328	0.1979540267362243
PP	PP13_S48.r.bam	0	0	1	1	1953.514	0.116	0.126	0.081	0.482	0.359	0.328	0.1936675242758735
PP	PP14_S109.r.bam	0	0	2	5	1953.514	0.116	0.126	0.081	0.482	0.359	0.328	0.2056302933440721
PP	PP15_S182.r.bam	0	0	1	3	1953.514	0.116	0.126	0.081	0.482	0.359	0.328	0.34348883484413
PP	PP16_S165.r.bam	0	0	2	3	1953.514	0.116	0.126	0.081	0.482	0.359	0.328	0.1975872151418432
PP	PP17_S137.r.bam	0	0	1	4	1953.514	0.116	0.126	0.081	0.482	0.359	0.328	0.3486089853245701
PP	PP18_S136.r.bam	0	0	2	4	1953.514	0.116	0.126	0.081	0.482	0.359	0.328	0.3681787271044915
PP	PP19_S75.r.bam	0	0	1	4	1953.514	0.116	0.126	0.081	0.482	0.359	0.328	0.3688986278806418
PP	PP20_S249.r.bam	0	0	2	4	1953.514	0.116	0.126	0.081	0.482	0.359	0.328	0.5150785354170251
PP	PP21_S14.r.bam	0	0	1	0	1953.514	0.116	0.126	0.081	0.482	0.359	0.328	0.0844338902081684
PP	PP22_S146.r.bam	0	0	2	4	1953.514	0.116	0.126	0.081	0.482	0.359	0.328	0.2218434669237977
PP	PP23_S307.r.bam	0	0	1	3	1953.514	0.116	0.126	0.081	0.482	0.359	0.328	0.6200162392205174
PP	PP24_S110.r.bam	0	0	2	5	1953.514	0.116	0.126	0.081	0.482	0.359	0.328	0.2137542754381222
PP	PP25_S83.r.bam	0	0	2	4	1953.514	0.116	0.126	0.081	0.482	0.359	0.328	0.3109681940923051
PP	PP26_S105.r.bam	0	0	2	3	1953.514	0.116	0.126	0.081	0.482	0.359	0.328	0.5388131868131868
PP	PP27_S156.r.bam	0	0	2	3	1953.514	0.116	0.126	0.081	0.482	0.359	0.328	0.3350818176634927
PP	PP28_S107.r.bam	0	0	2	4	1953.514	0.116	0.126	0.081	0.482	0.359	0.328	0.3541326131760358
PP	PP29_S189.r.bam	0	0	1	4	1953.514	0.116	0.126	0.081	0.482	0.359	0.328	0.2192854398770649
PP	PP30_S252.r.bam	0	0	1	4	1953.514	0.116	0.126	0.081	0.482	0.359	0.328	0.2384380673794633
PP	PP31_S221.r.bam	0	0	1	2	1953.514	0.116	0.126	0.081	0.482	0.359	0.328	0.1497701736465781
PP	PP32_S271.r.bam	0	0	0	4	1953.514	0.116	0.126	0.081	0.482	0.359	0.328	-9
PP	PP33_S277.r.bam	0	0	0	-9	1953.514	0.116	0.126	0.081	0.482	0.359	0.328	-9
PP	PP34_S265.r.bam	0	0	2	-9	1953.514	0.116	0.126	0.081	0.482	0.359	0.328	-9
PP	PP35_S269.r.bam	0	0	2	0	1953.514	0.116	0.126	0.081	0.482	0.359	0.328	-9
PP	PP36_S254.r.bam	0	0	1	0	1953.514	0.116	0.126	0.081	0.482	0.359	0.328	-9
PP	PP37_S2.r.bam	0	0	2	-9	1953.514	0.116	0.126	0.081	0.482	0.359	0.328	-9
SC	SC01_S163.r.bam	0	0	1	5	3385.969	0.052	0.059	0.052	0.276	0.38	0.627	0.3167840872973832
SC	SC02_S168.r.bam	0	0	1	4	3385.969	0.052	0.059	0.052	0.276	0.38	0.627	0.2538076392636565
SC	SC03_S180.r.bam	0	0	1	4	3385.969	0.052	0.059	0.052	0.276	0.38	0.627	0.2005327355826613
SC	SC04_S149.r.bam	0	0	1	-9	3385.969	0.052	0.059	0.052	0.276	0.38	0.627	-9
SC	SC05_S170.r.bam	0	0	0	4	3385.969	0.052	0.059	0.052	0.276	0.38	0.627	0.2861677424852474
SC	SC06_S126.r.bam	0	0	2	0	3385.969	0.052	0.059	0.052	0.276	0.38	0.627	0.1646471617262353
SC	SC07_S101.r.bam	0	0	1	3	3385.969	0.052	0.059	0.052	0.276	0.38	0.627	0.16204947177244
SC	SC08_S98.r.bam	0	0	2	4	3385.969	0.052	0.059	0.052	0.276	0.38	0.627	0.1148045188383509
SC	SC09_S161.r.bam	0	0	2	2	3385.969	0.052	0.059	0.052	0.276	0.38	0.627	0.141461480226396
SC	SC10_S122.r.bam	0	0	1	1	3385.969	0.052	0.059	0.052	0.276	0.38	0.627	0.1331413283431528
SC	SC11_S145.r.bam	0	0	1	0	3385.969	0.052	0.059	0.052	0.276	0.38	0.627	0.1156257097433568
SC	SC12_S84.r.bam	0	0	1	5	3385.969	0.052	0.059	0.052	0.276	0.38	0.627	0.2865040556031168
SC	SC13_S187.r.bam	0	0	2	4	3385.969	0.052	0.059	0.052	0.276	0.38	0.627	0.0981840341255332
SC	SC14_S116.r.bam	0	0	2	4	3385.969	0.052	0.059	0.052	0.276	0.38	0.627	0.1487390716832456
SC	SC15_S250.r.bam	0	0	2	3	3385.969	0.052	0.059	0.052	0.276	0.38	0.627	0.1895338846525615
SC	SC16_S3.r.bam	0	0	2	3	3385.969	0.052	0.059	0.052	0.276	0.38	0.627	0.0484228294123852
SC	SC17_S1.r.bam	0	0	2	-9	3385.969	0.052	0.059	0.052	0.276	0.38	0.627	-9
SC	SC18_S17.r.bam	0	0	0	3	3385.969	0.052	0.059	0.052	0.276	0.38	0.627	-9
SC	SC19_S106.r.bam	0	0	0	-9	3385.969	0.052	0.059	0.052	0.276	0.38	0.627	-9
SC	SC20_S31.r.bam	0	0	0	3	3385.969	0.052	0.059	0.052	0.276	0.38	0.627	0.3230224619663702
SC	SC21_S8.r.bam	0	0	0	2	3385.969	0.052	0.059	0.052	0.276	0.38	0.627	0.0688454889501471
SC	SC22_S19.r.bam	0	0	0	2	3385.969	0.052	0.059	0.052	0.276	0.38	0.627	0.2354626948554202
SC	SC23_S11.r.bam	0	0	0	3	3385.969	0.052	0.059	0.052	0.276	0.38	0.627	0.234005389759457
SC	SC24_S6.r.bam	0	0	0	2	3385.969	0.052	0.059	0.052	0.276	0.38	0.627	0.3313818614342474
SC	SC25_S28.r.bam	0	0	0	2	3385.969	0.052	0.059	0.052	0.276	0.38	0.627	0.2624071510835455
SC	SC26_S278.r.bam	0	0	0	4	3385.969	0.052	0.059	0.052	0.276	0.38	0.627	0.4383979929522253
TB	TB01_S143.r.bam	0	0	1	2	4598.484	0.025	0.027	0.016	0.192	0.32	0.773	0.1436671874095932
TB	TB02_S176.r.bam	0	0	1	0	4598.484	0.025	0.027	0.016	0.192	0.32	0.773	0.1345522943003368
TB	TB04_S69.r.bam	0	0	1	1	4598.484	0.025	0.027	0.016	0.192	0.32	0.773	0.0631326915442636
TB	TB05_S92.r.bam	0	0	1	3	4598.484	0.025	0.027	0.016	0.192	0.32	0.773	0.0521634015267978
TB	TB06_S175.r.bam	0	0	1	3	4598.484	0.025	0.027	0.016	0.192	0.32	0.773	0.1127393540026744
TB	TB07_S248.r.bam	0	0	2	0	4598.484	0.025	0.027	0.016	0.192	0.32	0.773	0.0140904101387087
TB	TB08_S234.r.bam	0	0	1	-9	4598.484	0.025	0.027	0.016	0.192	0.32	0.773	-9
TB	TB09_S251.r.bam	0	0	2	0	4598.484	0.025	0.027	0.016	0.192	0.32	0.773	0.0364223557907957
TB	TB10_S151.r.bam	0	0	1	0	4598.484	0.025	0.027	0.016	0.192	0.32	0.773	0.0021141649048625
TB	TB11_S179.r.bam	0	0	2	3	4598.484	0.025	0.027	0.016	0.192	0.32	0.773	0.1181350512119386
TB	TB12_S194.r.bam	0	0	1	1	4598.484	0.025	0.027	0.016	0.192	0.32	0.773	0.0081706002156463
TB	TB13_S244.r.bam	0	0	2	1	4598.484	0.025	0.027	0.016	0.192	0.32	0.773	0.0573773972118038
TB	TB14_S173.r.bam	0	0	1	3	4598.484	0.025	0.027	0.016	0.192	0.32	0.773	0.1941185207188474
TB	TB15_S85.r.bam	0	0	2	1	4598.484	0.025	0.027	0.016	0.192	0.32	0.773	0.0057329867236096
TB	TB16_S103.r.bam	0	0	1	0	4598.484	0.025	0.027	0.016	0.192	0.32	0.773	0.0444878425649719
TB	TB17_S185.r.bam	0	0	2	0	4598.484	0.025	0.027	0.016	0.192	0.32	0.773	0.0177993952938083
TB	TB18_S247.r.bam	0	0	1	3	4598.484	0.025	0.027	0.016	0.192	0.32	0.773	0.0490798917782796
TB	TB19_S191.r.bam	0	0	2	4	4598.484	0.025	0.027	0.016	0.192	0.32	0.773	0.0231038798498122
TB	TB20_S18.r.bam	0	0	1	0	4598.484	0.025	0.027	0.016	0.192	0.32	0.773	0.0125472073146491
TB	TB21_S155.r.bam	0	0	2	0	4598.484	0.025	0.027	0.016	0.192	0.32	0.773	0.0529063534237635
TB	TB22_S177.r.bam	0	0	1	0	4598.484	0.025	0.027	0.016	0.192	0.32	0.773	0.057793695637666
TB	TB23_S96.r.bam	0	0	2	3	4598.484	0.025	0.027	0.016	0.192	0.32	0.773	0.1482411295721502
TB	TB24_S91.r.bam	0	0	1	0	4598.484	0.025	0.027	0.016	0.192	0.32	0.773	0.0724692744813003
TB	TB25_S139.r.bam	0	0	2	3	4598.484	0.025	0.027	0.016	0.192	0.32	0.773	0.0318199545756957
TB	TB26_S193.r.bam	0	0	2	1	4598.484	0.025	0.027	0.016	0.192	0.32	0.773	0.0796645167869069
TB	TB27_S190.r.bam	0	0	1	2	4598.484	0.025	0.027	0.016	0.192	0.32	0.773	0.1505467602415537
TB	TB28_S104.r.bam	0	0	2	2	4598.484	0.025	0.027	0.016	0.192	0.32	0.773	0.0350912447721078
TB	TB29_S71.r.bam	0	0	1	3	4598.484	0.025	0.027	0.016	0.192	0.32	0.773	0.2322812322812323
TB	TB30_S15.r.bam	0	0	2	2	4598.484	0.025	0.027	0.016	0.192	0.32	0.773	0.1461168213280068
TB	TB31_S59.r.bam	0	0	1	0	4598.484	0.025	0.027	0.016	0.192	0.32	0.773	0.0664184250448214
TB	TB32_S310.r.bam	0	0	1	0	4598.484	0.025	0.027	0.016	0.192	0.32	0.773	0.0372847308983121
TB	TB33_S273.r.bam	0	0	2	1	4598.484	0.025	0.027	0.016	0.192	0.32	0.773	0.0323869657364888
TB	TB34_S197.r.bam	0	0	1	0	4598.484	0.025	0.027	0.016	0.192	0.32	0.773	0.062161072020795
TB	TB35_S238.r.bam	0	0	1	1	4598.484	0.025	0.027	0.016	0.192	0.32	0.773	0.0317480637521602
TB	TB36_S344.r.bam	0	0	1	0	4598.484	0.025	0.027	0.016	0.192	0.32	0.773	0.0332088859553227
