pop	bam	mom	dad	sex	class1	B1	S1U	S1V	S1B	S1G	S1Y	S1R	indv	trash
SK	AG01_S94.r.bam	0	0	2	-9	1048.452	0.166	0.2	0.283	0.257	0.21	0.302	AG01	S94.r.bam
SK	AG02_S231.r.bam	0	0	2	-9	1048.452	0.166	0.2	0.283	0.257	0.21	0.302	AG02	S231.r.bam
SK	AG03_S230.r.bam	0	0	2	-9	1048.452	0.166	0.2	0.283	0.257	0.21	0.302	AG03	S230.r.bam
SK	AG04_S188.r.bam	0	0	1	-9	1048.452	0.166	0.2	0.283	0.257	0.21	0.302	AG04	S188.r.bam
SK	AG05_S241.r.bam	0	0	2	-9	1048.452	0.166	0.2	0.283	0.257	0.21	0.302	AG05	S241.r.bam
SK	AG07_S195.r.bam	0	0	2	-9	1048.452	0.166	0.2	0.283	0.257	0.21	0.302	AG07	S195.r.bam
SK	AG08_S196.r.bam	0	0	1	-9	1048.452	0.166	0.2	0.283	0.257	0.21	0.302	AG08	S196.r.bam
SK	AG09_S166.r.bam	0	0	2	-9	1048.452	0.166	0.2	0.283	0.257	0.21	0.302	AG09	S166.r.bam
SK	AG10_S157.r.bam	0	0	1	-9	1048.452	0.166	0.2	0.283	0.257	0.21	0.302	AG10	S157.r.bam
SK	AG11_S184.r.bam	0	0	2	-9	1048.452	0.166	0.2	0.283	0.257	0.21	0.302	AG11	S184.r.bam
SK	AG12_S237.r.bam	0	0	1	-9	1048.452	0.166	0.2	0.283	0.257	0.21	0.302	AG12	S237.r.bam
SK	AG13_S77.r.bam	0	0	2	-9	1048.452	0.166	0.2	0.283	0.257	0.21	0.302	AG13	S77.r.bam
SK	AG14_S225.r.bam	0	0	1	-9	1048.452	0.166	0.2	0.283	0.257	0.21	0.302	AG14	S225.r.bam
SK	AG15_S186.r.bam	0	0	2	-9	1048.452	0.166	0.2	0.283	0.257	0.21	0.302	AG15	S186.r.bam
SK	AG16_S164.r.bam	0	0	1	-9	1048.452	0.166	0.2	0.283	0.257	0.21	0.302	AG16	S164.r.bam
SK	AG17_S148.r.bam	0	0	2	-9	1048.452	0.166	0.2	0.283	0.257	0.21	0.302	AG17	S148.r.bam
SK	AG18_S47.r.bam	0	0	1	-9	1048.452	0.166	0.2	0.283	0.257	0.21	0.302	AG18	S47.r.bam
SK	AG19_S130.r.bam	0	0	2	-9	1048.452	0.166	0.2	0.283	0.257	0.21	0.302	AG19	S130.r.bam
SK	AG20_S86.r.bam	0	0	1	-9	1048.452	0.166	0.2	0.283	0.257	0.21	0.302	AG20	S86.r.bam
SK	AG21_S45.r.bam	0	0	2	-9	1048.452	0.166	0.2	0.283	0.257	0.21	0.302	AG21	S45.r.bam
SK	AG22_S44.r.bam	0	0	1	-9	1048.452	0.166	0.2	0.283	0.257	0.21	0.302	AG22	S44.r.bam
SK	AG23_S142.r.bam	0	0	2	-9	1048.452	0.166	0.2	0.283	0.257	0.21	0.302	AG23	S142.r.bam
SK	AG24_S172.r.bam	0	0	1	-9	1048.452	0.166	0.2	0.283	0.257	0.21	0.302	AG24	S172.r.bam
SK	AG25_S236.r.bam	0	0	2	-9	1048.452	0.166	0.2	0.283	0.257	0.21	0.302	AG25	S236.r.bam
SK	AG26_S121.r.bam	0	0	1	-9	1048.452	0.166	0.2	0.283	0.257	0.21	0.302	AG26	S121.r.bam
SK	AG27_S34.r.bam	0	0	1	-9	1048.452	0.166	0.2	0.283	0.257	0.21	0.302	AG27	S34.r.bam
SK	AG28_S154.r.bam	0	0	2	-9	1048.452	0.166	0.2	0.283	0.257	0.21	0.302	AG28	S154.r.bam
SK	AG29_S181.r.bam	0	0	1	-9	1048.452	0.166	0.2	0.283	0.257	0.21	0.302	AG29	S181.r.bam
SK	AG30_S5.r.bam	0	0	2	-9	1048.452	0.166	0.2	0.283	0.257	0.21	0.302	AG30	S5.r.bam
SK	AG31_S192.r.bam	0	0	1	-9	1048.452	0.166	0.2	0.283	0.257	0.21	0.302	AG31	S192.r.bam
RA	AG32_S258.r.bam	0	0	2	-9	769.055	0.177	0.21	0.265	0.242	0.204	0.323	AG32	S258.r.bam
RA	AG33_S261.r.bam	0	0	2	-9	769.055	0.177	0.21	0.265	0.242	0.204	0.323	AG33	S261.r.bam
RA	AG34_S274.r.bam	0	0	2	-9	769.055	0.177	0.21	0.265	0.242	0.204	0.323	AG34	S274.r.bam
RA	AG35_S284.r.bam	0	0	2	-9	769.055	0.177	0.21	0.265	0.242	0.204	0.323	AG35	S284.r.bam
RA	AG36_S266.r.bam	0	0	2	-9	769.055	0.177	0.21	0.265	0.242	0.204	0.323	AG36	S266.r.bam
RA	AG37_S302.r.bam	0	0	2	-9	769.055	0.177	0.21	0.265	0.242	0.204	0.323	AG37	S302.r.bam
RA	AG38_S253.r.bam	0	0	2	-9	769.055	0.177	0.21	0.265	0.242	0.204	0.323	AG38	S253.r.bam
CL	CL02_S171.r.bam	0	0	2	3	1937.885	0.08	0.087	0.06	0.459	0.382	0.409	CL02	S171.r.bam
CL	CL03_S133.r.bam	0	0	1	3	1937.885	0.08	0.087	0.06	0.459	0.382	0.409	CL03	S133.r.bam
CL	CL04_S159.r.bam	0	0	2	1	1937.885	0.08	0.087	0.06	0.459	0.382	0.409	CL04	S159.r.bam
CL	CL05_S150.r.bam	0	0	2	1	1937.885	0.08	0.087	0.06	0.459	0.382	0.409	CL05	S150.r.bam
CL	CL06_S79.r.bam	0	0	1	3	1937.885	0.08	0.087	0.06	0.459	0.382	0.409	CL06	S79.r.bam
CL	CL07_S183.r.bam	0	0	2	3	1937.885	0.08	0.087	0.06	0.459	0.382	0.409	CL07	S183.r.bam
CL	CL08_S134.r.bam	0	0	2	2	1937.885	0.08	0.087	0.06	0.459	0.382	0.409	CL08	S134.r.bam
CL	CL09_S114.r.bam	0	0	2	2	1937.885	0.08	0.087	0.06	0.459	0.382	0.409	CL09	S114.r.bam
CL	CL10_S152.r.bam	0	0	2	4	1937.885	0.08	0.087	0.06	0.459	0.382	0.409	CL10	S152.r.bam
CL	CL11_S93.r.bam	0	0	1	3	1937.885	0.08	0.087	0.06	0.459	0.382	0.409	CL11	S93.r.bam
CL	CL12_S147.r.bam	0	0	1	2	1937.885	0.08	0.087	0.06	0.459	0.382	0.409	CL12	S147.r.bam
CL	CL13_S262.r.bam	0	0	1	2	1937.885	0.08	0.087	0.06	0.459	0.382	0.409	CL13	S262.r.bam
CL	CL14_S280.r.bam	0	0	2	3	1937.885	0.08	0.087	0.06	0.459	0.382	0.409	CL14	S280.r.bam
CL	CL15_S320.r.bam	0	0	1	3	1937.885	0.08	0.087	0.06	0.459	0.382	0.409	CL15	S320.r.bam
CL	CL16_S263.r.bam	0	0	2	3	1937.885	0.08	0.087	0.06	0.459	0.382	0.409	CL16	S263.r.bam
CMR	CMR01_S140.r.bam	0	0	1	2	3163.221	0.052	0.06	0.061	0.246	0.341	0.648	CMR01	S140.r.bam
CMR	CMR02_S30.r.bam	0	0	1	4	3163.221	0.052	0.06	0.061	0.246	0.341	0.648	CMR02	S30.r.bam
CMR	CMR03_S13.r.bam	0	0	1	2	3163.221	0.052	0.06	0.061	0.246	0.341	0.648	CMR03	S13.r.bam
CMR	CMR04_S29.r.bam	0	0	1	2	3163.221	0.052	0.06	0.061	0.246	0.341	0.648	CMR04	S29.r.bam
CMR	CMR05_S226.r.bam	0	0	1	3	3163.221	0.052	0.06	0.061	0.246	0.341	0.648	CMR05	S226.r.bam
CMR	CMR06_S81.r.bam	0	0	1	3	3163.221	0.052	0.06	0.061	0.246	0.341	0.648	CMR06	S81.r.bam
CMR	CMR07_S64.r.bam	0	0	1	2	3163.221	0.052	0.06	0.061	0.246	0.341	0.648	CMR07	S64.r.bam
CMR	CMR08_S53.r.bam	0	0	1	4	3163.221	0.052	0.06	0.061	0.246	0.341	0.648	CMR08	S53.r.bam
CMR	CMR09_S40.r.bam	0	0	2	3	3163.221	0.052	0.06	0.061	0.246	0.341	0.648	CMR09	S40.r.bam
CMR	CMR10_S10.r.bam	0	0	2	2	3163.221	0.052	0.06	0.061	0.246	0.341	0.648	CMR10	S10.r.bam
CMR	CMR11_S68.r.bam	0	0	2	4	3163.221	0.052	0.06	0.061	0.246	0.341	0.648	CMR11	S68.r.bam
CMR	CMR12_S58.r.bam	0	0	2	3	3163.221	0.052	0.06	0.061	0.246	0.341	0.648	CMR12	S58.r.bam
CMR	CMR13_S36.r.bam	0	0	2	4	3163.221	0.052	0.06	0.061	0.246	0.341	0.648	CMR13	S36.r.bam
CMR	CMR14_S97.r.bam	0	0	2	3	3163.221	0.052	0.06	0.061	0.246	0.341	0.648	CMR14	S97.r.bam
CMR	CMR15_S23.r.bam	0	0	2	4	3163.221	0.052	0.06	0.061	0.246	0.341	0.648	CMR15	S23.r.bam
CMR	CMR16_S12.r.bam	0	0	2	2	3163.221	0.052	0.06	0.061	0.246	0.341	0.648	CMR16	S12.r.bam
CMR	CMR17_S66.r.bam	0	0	2	4	3163.221	0.052	0.06	0.061	0.246	0.341	0.648	CMR17	S66.r.bam
CMR	CMR18_S102.r.bam	0	0	2	3	3163.221	0.052	0.06	0.061	0.246	0.341	0.648	CMR18	S102.r.bam
CMR	CMR19_S160.r.bam	0	0	2	4	3163.221	0.052	0.06	0.061	0.246	0.341	0.648	CMR19	S160.r.bam
CMR	CMR20_S37.r.bam	0	0	2	2	3163.221	0.052	0.06	0.061	0.246	0.341	0.648	CMR20	S37.r.bam
CMR	CMR21_S49.r.bam	0	0	2	3	3163.221	0.052	0.06	0.061	0.246	0.341	0.648	CMR21	S49.r.bam
CMR	CMR22_S131.r.bam	0	0	2	4	3163.221	0.052	0.06	0.061	0.246	0.341	0.648	CMR22	S131.r.bam
CMR	CMR23_S25.r.bam	0	0	2	3	3163.221	0.052	0.06	0.061	0.246	0.341	0.648	CMR23	S25.r.bam
CMR	CMR24_S20.r.bam	0	0	1	3	3163.221	0.052	0.06	0.061	0.246	0.341	0.648	CMR24	S20.r.bam
CMR	CMR25_S95.r.bam	0	0	1	4	3163.221	0.052	0.06	0.061	0.246	0.341	0.648	CMR25	S95.r.bam
CMR	CMR26_S78.r.bam	0	0	1	1	3163.221	0.052	0.06	0.061	0.246	0.341	0.648	CMR26	S78.r.bam
CMR	CMR27_S35.r.bam	0	0	1	3	3163.221	0.052	0.06	0.061	0.246	0.341	0.648	CMR27	S35.r.bam
CMR	CMR28_S89.r.bam	0	0	1	4	3163.221	0.052	0.06	0.061	0.246	0.341	0.648	CMR28	S89.r.bam
CMR	CMR29_S27.r.bam	0	0	1	1	3163.221	0.052	0.06	0.061	0.246	0.341	0.648	CMR29	S27.r.bam
CMR	CMR30_S72.r.bam	0	0	1	2	3163.221	0.052	0.06	0.061	0.246	0.341	0.648	CMR30	S72.r.bam
CMR	CM_UN_01_S257.r.bam	0	0	1	1	3163.221	0.052	0.06	0.061	0.246	0.341	0.648	CM_UN_01	S257.r.bam
CMR	CM_UN_02_S276.r.bam	0	0	2	3	3163.221	0.052	0.06	0.061	0.246	0.341	0.648	CM_UN_02	S276.r.bam
CMR	CM_UN_03_S259.r.bam	0	0	2	3	3163.221	0.052	0.06	0.061	0.246	0.341	0.648	CM_UN_03	S259.r.bam
CMY	CMY01_S16.r.bam	0	0	1	4	3656.143	0.052	0.068	0.154	0.353	0.333	0.449	CMY01	S16.r.bam
CMY	CMY02_S129.r.bam	0	0	1	5	3656.143	0.052	0.068	0.154	0.353	0.333	0.449	CMY02	S129.r.bam
CMY	CMY03_S38.r.bam	0	0	1	4	3656.143	0.052	0.068	0.154	0.353	0.333	0.449	CMY03	S38.r.bam
CMY	CMY04_S65.r.bam	0	0	1	4	3656.143	0.052	0.068	0.154	0.353	0.333	0.449	CMY04	S65.r.bam
CMY	CMY05_S55.r.bam	0	0	1	2	3656.143	0.052	0.068	0.154	0.353	0.333	0.449	CMY05	S55.r.bam
CMY	CMY06_S26.r.bam	0	0	1	4	3656.143	0.052	0.068	0.154	0.353	0.333	0.449	CMY06	S26.r.bam
CMY	CMY07_S50.r.bam	0	0	1	3	3656.143	0.052	0.068	0.154	0.353	0.333	0.449	CMY07	S50.r.bam
CMY	CMY08_S227.r.bam	0	0	1	5	3656.143	0.052	0.068	0.154	0.353	0.333	0.449	CMY08	S227.r.bam
CMY	CMY09_S21.r.bam	0	0	1	4	3656.143	0.052	0.068	0.154	0.353	0.333	0.449	CMY09	S21.r.bam
CMY	CMY10_S42.r.bam	0	0	1	4	3656.143	0.052	0.068	0.154	0.353	0.333	0.449	CMY10	S42.r.bam
CMY	CMY11_S24.r.bam	0	0	1	3	3656.143	0.052	0.068	0.154	0.353	0.333	0.449	CMY11	S24.r.bam
CMY	CMY12_S54.r.bam	0	0	1	3	3656.143	0.052	0.068	0.154	0.353	0.333	0.449	CMY12	S54.r.bam
CMY	CMY13_S46.r.bam	0	0	1	3	3656.143	0.052	0.068	0.154	0.353	0.333	0.449	CMY13	S46.r.bam
CMY	CMY14_S32.r.bam	0	0	1	3	3656.143	0.052	0.068	0.154	0.353	0.333	0.449	CMY14	S32.r.bam
CMY	CMY15_S61.r.bam	0	0	1	4	3656.143	0.052	0.068	0.154	0.353	0.333	0.449	CMY15	S61.r.bam
CMY	CMY16_S178.r.bam	0	0	2	4	3656.143	0.052	0.068	0.154	0.353	0.333	0.449	CMY16	S178.r.bam
CMY	CMY17_S132.r.bam	0	0	2	4	3656.143	0.052	0.068	0.154	0.353	0.333	0.449	CMY17	S132.r.bam
CMY	CMY18_S76.r.bam	0	0	2	4	3656.143	0.052	0.068	0.154	0.353	0.333	0.449	CMY18	S76.r.bam
CMY	CMY19_S100.r.bam	0	0	2	5	3656.143	0.052	0.068	0.154	0.353	0.333	0.449	CMY19	S100.r.bam
CMY	CMY20_S90.r.bam	0	0	2	3	3656.143	0.052	0.068	0.154	0.353	0.333	0.449	CMY20	S90.r.bam
CMY	CMY21_S41.r.bam	0	0	2	4	3656.143	0.052	0.068	0.154	0.353	0.333	0.449	CMY21	S41.r.bam
CMY	CMY22_S138.r.bam	0	0	2	4	3656.143	0.052	0.068	0.154	0.353	0.333	0.449	CMY22	S138.r.bam
CMY	CMY23_S144.r.bam	0	0	2	4	3656.143	0.052	0.068	0.154	0.353	0.333	0.449	CMY23	S144.r.bam
CMY	CMY24_S73.r.bam	0	0	2	4	3656.143	0.052	0.068	0.154	0.353	0.333	0.449	CMY24	S73.r.bam
CMY	CMY25_S56.r.bam	0	0	2	4	3656.143	0.052	0.068	0.154	0.353	0.333	0.449	CMY25	S56.r.bam
CMY	CMY26_S9.r.bam	0	0	2	3	3656.143	0.052	0.068	0.154	0.353	0.333	0.449	CMY26	S9.r.bam
CMY	CMY27_S52.r.bam	0	0	2	4	3656.143	0.052	0.068	0.154	0.353	0.333	0.449	CMY27	S52.r.bam
CMY	CMY28_S51.r.bam	0	0	1	3	3656.143	0.052	0.068	0.154	0.353	0.333	0.449	CMY28	S51.r.bam
CMY	CMY29_S57.r.bam	0	0	1	3	3656.143	0.052	0.068	0.154	0.353	0.333	0.449	CMY29	S57.r.bam
CMY	CMY30_S22.r.bam	0	0	1	4	3656.143	0.052	0.068	0.154	0.353	0.333	0.449	CMY30	S22.r.bam
DBB	DBB01_S272.r.bam	0	0	1	-9	1048.452	0.166	0.2	0.283	0.257	0.21	0.302	DBB01	S272.r.bam
DBB	DBB02_S300.r.bam	0	0	1	-9	1048.452	0.166	0.2	0.283	0.257	0.21	0.302	DBB02	S300.r.bam
DBB	DBB03_S313.r.bam	0	0	2	-9	1048.452	0.166	0.2	0.283	0.257	0.21	0.302	DBB03	S313.r.bam
DBB	DBB04_S314.r.bam	0	0	2	-9	1048.452	0.166	0.2	0.283	0.257	0.21	0.302	DBB04	S314.r.bam
DBB	DBB05_S286.r.bam	0	0	1	-9	1048.452	0.166	0.2	0.283	0.257	0.21	0.302	DBB05	S286.r.bam
DBB	DBB06_S308.r.bam	0	0	1	-9	1048.452	0.166	0.2	0.283	0.257	0.21	0.302	DBB06	S308.r.bam
DBB	DBB07_S288.r.bam	0	0	1	-9	1048.452	0.166	0.2	0.283	0.257	0.21	0.302	DBB07	S288.r.bam
DBB	DBB08_S322.r.bam	0	0	1	-9	1048.452	0.166	0.2	0.283	0.257	0.21	0.302	DBB08	S322.r.bam
DBB	DBB09_S339.r.bam	0	0	2	-9	1048.452	0.166	0.2	0.283	0.257	0.21	0.302	DBB09	S339.r.bam
DBB	DBB10_S292.r.bam	0	0	2	-9	1048.452	0.166	0.2	0.283	0.257	0.21	0.302	DBB10	S292.r.bam
DBB	DBB11_S62.r.bam	0	0	1	-9	1048.452	0.166	0.2	0.283	0.257	0.21	0.302	DBB11	S62.r.bam
DBB	DBB12_S335.r.bam	0	0	1	-9	1048.452	0.166	0.2	0.283	0.257	0.21	0.302	DBB12	S335.r.bam
DBB	DBB13_S217.r.bam	0	0	1	-9	1048.452	0.166	0.2	0.283	0.257	0.21	0.302	DBB13	S217.r.bam
DBB	DBB14_S345.r.bam	0	0	1	-9	1048.452	0.166	0.2	0.283	0.257	0.21	0.302	DBB14	S345.r.bam
DBB	DBB15_S198.r.bam	0	0	2	-9	1048.452	0.166	0.2	0.283	0.257	0.21	0.302	DBB15	S198.r.bam
DBB	DBB16_S222.r.bam	0	0	2	-9	1048.452	0.166	0.2	0.283	0.257	0.21	0.302	DBB16	S222.r.bam
DBB	DBB17_S318.r.bam	0	0	2	-9	1048.452	0.166	0.2	0.283	0.257	0.21	0.302	DBB17	S318.r.bam
DBB	DBB18_S224.r.bam	0	0	2	-9	1048.452	0.166	0.2	0.283	0.257	0.21	0.302	DBB18	S224.r.bam
DBB	DBB19_S220.r.bam	0	0	1	-9	1048.452	0.166	0.2	0.283	0.257	0.21	0.302	DBB19	S220.r.bam
DBB	DBB20_S316.r.bam	0	0	1	-9	1048.452	0.166	0.2	0.283	0.257	0.21	0.302	DBB20	S316.r.bam
DBB	DBB21_S338.r.bam	0	0	2	-9	1048.452	0.166	0.2	0.283	0.257	0.21	0.302	DBB21	S338.r.bam
DBB	DBB22_S223.r.bam	0	0	2	-9	1048.452	0.166	0.2	0.283	0.257	0.21	0.302	DBB22	S223.r.bam
DBB	DBB23_S206.r.bam	0	0	2	-9	1048.452	0.166	0.2	0.283	0.257	0.21	0.302	DBB23	S206.r.bam
DBB	DBB24_S235.r.bam	0	0	2	-9	1048.452	0.166	0.2	0.283	0.257	0.21	0.302	DBB24	S235.r.bam
DBB	DBB25_S212.r.bam	0	0	2	-9	1048.452	0.166	0.2	0.283	0.257	0.21	0.302	DBB25	S212.r.bam
DBB	DBB26_S204.r.bam	0	0	2	-9	1048.452	0.166	0.2	0.283	0.257	0.21	0.302	DBB26	S204.r.bam
DBB	DBB27_S319.r.bam	0	0	1	-9	1048.452	0.166	0.2	0.283	0.257	0.21	0.302	DBB27	S319.r.bam
DBB	DBB28_S210.r.bam	0	0	2	-9	1048.452	0.166	0.2	0.283	0.257	0.21	0.302	DBB28	S210.r.bam
DBB	DBB29_S317.r.bam	0	0	2	-9	1048.452	0.166	0.2	0.283	0.257	0.21	0.302	DBB29	S317.r.bam
DBB	DBB30_S347.r.bam	0	0	1	-9	1048.452	0.166	0.2	0.283	0.257	0.21	0.302	DBB30	S347.r.bam
DBB	DBB31_S294.r.bam	0	0	2	-9	1048.452	0.166	0.2	0.283	0.257	0.21	0.302	DBB31	S294.r.bam
DBB	DBB32_S333.r.bam	0	0	1	-9	1048.452	0.166	0.2	0.283	0.257	0.21	0.302	DBB32	S333.r.bam
DBI	DBI01_S299.r.bam	0	0	1	-9	1214.683	0.116	0.136	0.181	0.3	0.296	0.41	DBI01	S299.r.bam
DBI	DBI02_S33.r.bam	0	0	1	-9	1214.683	0.116	0.136	0.181	0.3	0.296	0.41	DBI02	S33.r.bam
DBI	DBI03_S296.r.bam	0	0	2	-9	1214.683	0.116	0.136	0.181	0.3	0.296	0.41	DBI03	S296.r.bam
DBI	DBI04_S305.r.bam	0	0	1	-9	1214.683	0.116	0.136	0.181	0.3	0.296	0.41	DBI04	S305.r.bam
DBI	DBI05_S336.r.bam	0	0	2	-9	1214.683	0.116	0.136	0.181	0.3	0.296	0.41	DBI05	S336.r.bam
DBI	DBI06_S256.r.bam	0	0	2	-9	1214.683	0.116	0.136	0.181	0.3	0.296	0.41	DBI06	S256.r.bam
DBI	DBI07_S63.r.bam	0	0	2	-9	1214.683	0.116	0.136	0.181	0.3	0.296	0.41	DBI07	S63.r.bam
DBI	DBI08_S324.r.bam	0	0	1	-9	1214.683	0.116	0.136	0.181	0.3	0.296	0.41	DBI08	S324.r.bam
DBI	DBI09_S332.r.bam	0	0	2	-9	1214.683	0.116	0.136	0.181	0.3	0.296	0.41	DBI09	S332.r.bam
DBI	DBI10_S337.r.bam	0	0	1	-9	1214.683	0.116	0.136	0.181	0.3	0.296	0.41	DBI10	S337.r.bam
DBI	DBI11_S306.r.bam	0	0	1	-9	1214.683	0.116	0.136	0.181	0.3	0.296	0.41	DBI11	S306.r.bam
DBI	DBI12_S216.r.bam	0	0	2	-9	1214.683	0.116	0.136	0.181	0.3	0.296	0.41	DBI12	S216.r.bam
DBI	DBI13_S200.r.bam	0	0	1	-9	1214.683	0.116	0.136	0.181	0.3	0.296	0.41	DBI13	S200.r.bam
DBI	DBI14_S215.r.bam	0	0	1	-9	1214.683	0.116	0.136	0.181	0.3	0.296	0.41	DBI14	S215.r.bam
DBI	DBI15_S279.r.bam	0	0	1	-9	1214.683	0.116	0.136	0.181	0.3	0.296	0.41	DBI15	S279.r.bam
DBI	DBI16_S214.r.bam	0	0	2	-9	1214.683	0.116	0.136	0.181	0.3	0.296	0.41	DBI16	S214.r.bam
DBI	DBI17_S285.r.bam	0	0	2	-9	1214.683	0.116	0.136	0.181	0.3	0.296	0.41	DBI17	S285.r.bam
DBI	DBI18_S325.r.bam	0	0	1	-9	1214.683	0.116	0.136	0.181	0.3	0.296	0.41	DBI18	S325.r.bam
DBI	DBI19_S304.r.bam	0	0	2	-9	1214.683	0.116	0.136	0.181	0.3	0.296	0.41	DBI19	S304.r.bam
DBI	DBI20_S205.r.bam	0	0	2	-9	1214.683	0.116	0.136	0.181	0.3	0.296	0.41	DBI20	S205.r.bam
DBI	DBI21_S329.r.bam	0	0	1	-9	1214.683	0.116	0.136	0.181	0.3	0.296	0.41	DBI21	S329.r.bam
DBI	DBI22_S346.r.bam	0	0	1	-9	1214.683	0.116	0.136	0.181	0.3	0.296	0.41	DBI22	S346.r.bam
DBI	DBI23_S243.r.bam	0	0	1	-9	1214.683	0.116	0.136	0.181	0.3	0.296	0.41	DBI23	S243.r.bam
DBI	DBI24_S239.r.bam	0	0	2	-9	1214.683	0.116	0.136	0.181	0.3	0.296	0.41	DBI24	S239.r.bam
DBI	DBI25_S281.r.bam	0	0	2	-9	1214.683	0.116	0.136	0.181	0.3	0.296	0.41	DBI25	S281.r.bam
DBI	DBI26_S219.r.bam	0	0	1	-9	1214.683	0.116	0.136	0.181	0.3	0.296	0.41	DBI26	S219.r.bam
DBI	DBI27_S342.r.bam	0	0	2	-9	1214.683	0.116	0.136	0.181	0.3	0.296	0.41	DBI27	S342.r.bam
DBI	DBI28_S199.r.bam	0	0	1	-9	1214.683	0.116	0.136	0.181	0.3	0.296	0.41	DBI28	S199.r.bam
DBI	DBI29_S326.r.bam	0	0	1	-9	1214.683	0.116	0.136	0.181	0.3	0.296	0.41	DBI29	S326.r.bam
DBI	DBI30_S203.r.bam	0	0	1	-9	1214.683	0.116	0.136	0.181	0.3	0.296	0.41	DBI30	S203.r.bam
DBI	DBI31_S312.r.bam	0	0	2	-9	1214.683	0.116	0.136	0.181	0.3	0.296	0.41	DBI31	S312.r.bam
DBI	DBI32_S201.r.bam	0	0	2	-9	1214.683	0.116	0.136	0.181	0.3	0.296	0.41	DBI32	S201.r.bam
DBI	DB_UN_01_S268.r.bam	0	0	2	-9	1214.683	0.116	0.136	0.181	0.3	0.296	0.41	DB_UN_01	S268.r.bam
DBI	DB_UN_02_S255.r.bam	0	0	2	-9	1214.683	0.116	0.136	0.181	0.3	0.296	0.41	DB_UN_02	S255.r.bam
DBI	DB_UN_03_S301.r.bam	0	0	1	-9	1214.683	0.116	0.136	0.181	0.3	0.296	0.41	DB_UN_03	S301.r.bam
DBI	DB_UN_04_S283.r.bam	0	0	2	-9	1214.683	0.116	0.136	0.181	0.3	0.296	0.41	DB_UN_04	S283.r.bam
DBI	DB_UN_05_S267.r.bam	0	0	1	-9	1214.683	0.116	0.136	0.181	0.3	0.296	0.41	DB_UN_05	S267.r.bam
DBI	DB_UN_06_S270.r.bam	0	0	1	-9	1214.683	0.116	0.136	0.181	0.3	0.296	0.41	DB_UN_06	S270.r.bam
DBI	DB_UN_07_S282.r.bam	0	0	1	-9	1214.683	0.116	0.136	0.181	0.3	0.296	0.41	DB_UN_07	S282.r.bam
DBI	DB_UN_08_S275.r.bam	0	0	2	-9	1214.683	0.116	0.136	0.181	0.3	0.296	0.41	DB_UN_08	S275.r.bam
DBI	DB_UN_09_S260.r.bam	0	0	2	-9	1214.683	0.116	0.136	0.181	0.3	0.296	0.41	DB_UN_09	S260.r.bam
DBR	DBR01_S309.r.bam	0	0	2	-9	1202.397	0.092	0.106	0.124	0.275	0.331	0.518	DBR01	S309.r.bam
DBR	DBR02_S323.r.bam	0	0	2	-9	1202.397	0.092	0.106	0.124	0.275	0.331	0.518	DBR02	S323.r.bam
DBR	DBR03_S290.r.bam	0	0	1	-9	1202.397	0.092	0.106	0.124	0.275	0.331	0.518	DBR03	S290.r.bam
DBR	DBR04_S287.r.bam	0	0	1	-9	1202.397	0.092	0.106	0.124	0.275	0.331	0.518	DBR04	S287.r.bam
DBR	DBR05_S311.r.bam	0	0	1	-9	1202.397	0.092	0.106	0.124	0.275	0.331	0.518	DBR05	S311.r.bam
DBR	DBR06_S295.r.bam	0	0	2	-9	1202.397	0.092	0.106	0.124	0.275	0.331	0.518	DBR06	S295.r.bam
DBR	DBR07_S303.r.bam	0	0	1	-9	1202.397	0.092	0.106	0.124	0.275	0.331	0.518	DBR07	S303.r.bam
DBR	DBR08_S264.r.bam	0	0	2	-9	1202.397	0.092	0.106	0.124	0.275	0.331	0.518	DBR08	S264.r.bam
DBR	DBR09_S297.r.bam	0	0	1	-9	1202.397	0.092	0.106	0.124	0.275	0.331	0.518	DBR09	S297.r.bam
DBR	DBR10_S327.r.bam	0	0	1	-9	1202.397	0.092	0.106	0.124	0.275	0.331	0.518	DBR10	S327.r.bam
DBR	DBR11_S298.r.bam	0	0	1	-9	1202.397	0.092	0.106	0.124	0.275	0.331	0.518	DBR11	S298.r.bam
DBR	DBR12_S291.r.bam	0	0	1	-9	1202.397	0.092	0.106	0.124	0.275	0.331	0.518	DBR12	S291.r.bam
DBR	DBR13_S328.r.bam	0	0	2	-9	1202.397	0.092	0.106	0.124	0.275	0.331	0.518	DBR13	S328.r.bam
DBR	DBR14_S242.r.bam	0	0	1	-9	1202.397	0.092	0.106	0.124	0.275	0.331	0.518	DBR14	S242.r.bam
DBR	DBR16_S208.r.bam	0	0	1	-9	1202.397	0.092	0.106	0.124	0.275	0.331	0.518	DBR16	S208.r.bam
DBR	DBR17_S340.r.bam	0	0	1	-9	1202.397	0.092	0.106	0.124	0.275	0.331	0.518	DBR17	S340.r.bam
DBR	DBR18_S331.r.bam	0	0	1	-9	1202.397	0.092	0.106	0.124	0.275	0.331	0.518	DBR18	S331.r.bam
DBR	DBR19_S341.r.bam	0	0	1	-9	1202.397	0.092	0.106	0.124	0.275	0.331	0.518	DBR19	S341.r.bam
DBR	DBR20_S330.r.bam	0	0	1	-9	1202.397	0.092	0.106	0.124	0.275	0.331	0.518	DBR20	S330.r.bam
DBR	DBR21_S211.r.bam	0	0	1	-9	1202.397	0.092	0.106	0.124	0.275	0.331	0.518	DBR21	S211.r.bam
DBR	DBR22_S213.r.bam	0	0	2	-9	1202.397	0.092	0.106	0.124	0.275	0.331	0.518	DBR22	S213.r.bam
DBR	DBR23_S218.r.bam	0	0	2	-9	1202.397	0.092	0.106	0.124	0.275	0.331	0.518	DBR23	S218.r.bam
DBR	DBR24_S293.r.bam	0	0	2	-9	1202.397	0.092	0.106	0.124	0.275	0.331	0.518	DBR24	S293.r.bam
DBR	DBR25_S334.r.bam	0	0	2	-9	1202.397	0.092	0.106	0.124	0.275	0.331	0.518	DBR25	S334.r.bam
DBR	DBR26_S343.r.bam	0	0	2	-9	1202.397	0.092	0.106	0.124	0.275	0.331	0.518	DBR26	S343.r.bam
DBR	DBR27_S202.r.bam	0	0	1	-9	1202.397	0.092	0.106	0.124	0.275	0.331	0.518	DBR27	S202.r.bam
DBR	DBR28_S321.r.bam	0	0	1	-9	1202.397	0.092	0.106	0.124	0.275	0.331	0.518	DBR28	S321.r.bam
DBR	DBR29_S315.r.bam	0	0	1	-9	1202.397	0.092	0.106	0.124	0.275	0.331	0.518	DBR29	S315.r.bam
DBR	DBR30_S289.r.bam	0	0	1	-9	1202.397	0.092	0.106	0.124	0.275	0.331	0.518	DBR30	S289.r.bam
DBR	DBR31_S209.r.bam	0	0	1	-9	1202.397	0.092	0.106	0.124	0.275	0.331	0.518	DBR31	S209.r.bam
DBR	DBR32_S207.r.bam	0	0	2	-9	1202.397	0.092	0.106	0.124	0.275	0.331	0.518	DBR32	S207.r.bam
HP	HP01_S233.r.bam	0	0	1	2	5639.599	0.019	0.021	0.012	0.208	0.335	0.767	HP01	S233.r.bam
HP	HP02_S158.r.bam	0	0	1	0	5639.599	0.019	0.021	0.012	0.208	0.335	0.767	HP02	S158.r.bam
HP	HP03_S7.r.bam	0	0	2	3	5639.599	0.019	0.021	0.012	0.208	0.335	0.767	HP03	S7.r.bam
HP	HP04_S43.r.bam	0	0	1	0	5639.599	0.019	0.021	0.012	0.208	0.335	0.767	HP04	S43.r.bam
HP	HP05_S167.r.bam	0	0	1	1	5639.599	0.019	0.021	0.012	0.208	0.335	0.767	HP05	S167.r.bam
HP	HP06_S4.r.bam	0	0	2	0	5639.599	0.019	0.021	0.012	0.208	0.335	0.767	HP06	S4.r.bam
HP	HP07_S153.r.bam	0	0	2	0	5639.599	0.019	0.021	0.012	0.208	0.335	0.767	HP07	S153.r.bam
HP	HP08_S117.r.bam	0	0	1	0	5639.599	0.019	0.021	0.012	0.208	0.335	0.767	HP08	S117.r.bam
HP	HP09_S128.r.bam	0	0	1	0	5639.599	0.019	0.021	0.012	0.208	0.335	0.767	HP09	S128.r.bam
HP	HP10_S60.r.bam	0	0	2	0	5639.599	0.019	0.021	0.012	0.208	0.335	0.767	HP10	S60.r.bam
HP	HP11_S232.r.bam	0	0	1	0	5639.599	0.019	0.021	0.012	0.208	0.335	0.767	HP11	S232.r.bam
HP	HP12_S82.r.bam	0	0	1	0	5639.599	0.019	0.021	0.012	0.208	0.335	0.767	HP12	S82.r.bam
HP	HP13_S162.r.bam	0	0	1	0	5639.599	0.019	0.021	0.012	0.208	0.335	0.767	HP13	S162.r.bam
HP	HP14_S119.r.bam	0	0	1	0	5639.599	0.019	0.021	0.012	0.208	0.335	0.767	HP14	S119.r.bam
HP	HP15_S125.r.bam	0	0	1	0	5639.599	0.019	0.021	0.012	0.208	0.335	0.767	HP15	S125.r.bam
HP	HP16_S87.r.bam	0	0	1	0	5639.599	0.019	0.021	0.012	0.208	0.335	0.767	HP16	S87.r.bam
HP	HP17_S123.r.bam	0	0	2	2	5639.599	0.019	0.021	0.012	0.208	0.335	0.767	HP17	S123.r.bam
HP	HP18_S118.r.bam	0	0	2	0	5639.599	0.019	0.021	0.012	0.208	0.335	0.767	HP18	S118.r.bam
HP	HP19_S112.r.bam	0	0	1	0	5639.599	0.019	0.021	0.012	0.208	0.335	0.767	HP19	S112.r.bam
HP	HP20_S124.r.bam	0	0	2	0	5639.599	0.019	0.021	0.012	0.208	0.335	0.767	HP20	S124.r.bam
HP	HP21_S70.r.bam	0	0	2	0	5639.599	0.019	0.021	0.012	0.208	0.335	0.767	HP21	S70.r.bam
HP	HP22_S115.r.bam	0	0	2	1	5639.599	0.019	0.021	0.012	0.208	0.335	0.767	HP22	S115.r.bam
HP	HP23_S88.r.bam	0	0	2	0	5639.599	0.019	0.021	0.012	0.208	0.335	0.767	HP23	S88.r.bam
HP	HP24_S229.r.bam	0	0	1	1	5639.599	0.019	0.021	0.012	0.208	0.335	0.767	HP24	S229.r.bam
HP	HP25_S246.r.bam	0	0	2	3	5639.599	0.019	0.021	0.012	0.208	0.335	0.767	HP25	S246.r.bam
HP	HP26_S245.r.bam	0	0	1	0	5639.599	0.019	0.021	0.012	0.208	0.335	0.767	HP26	S245.r.bam
HP	HP27_S174.r.bam	0	0	1	0	5639.599	0.019	0.021	0.012	0.208	0.335	0.767	HP27	S174.r.bam
HP	HP28_S111.r.bam	0	0	1	0	5639.599	0.019	0.021	0.012	0.208	0.335	0.767	HP28	S111.r.bam
HP	HP29_S67.r.bam	0	0	1	0	5639.599	0.019	0.021	0.012	0.208	0.335	0.767	HP29	S67.r.bam
HP	HP30_S99.r.bam	0	0	2	0	5639.599	0.019	0.021	0.012	0.208	0.335	0.767	HP30	S99.r.bam
PO	PP01_S228.r.bam	0	0	2	5	1953.514	0.116	0.126	0.081	0.482	0.359	0.328	PP01	S228.r.bam
PO	PP02_S120.r.bam	0	0	1	2	1953.514	0.116	0.126	0.081	0.482	0.359	0.328	PP02	S120.r.bam
PO	PP03_S127.r.bam	0	0	2	3	1953.514	0.116	0.126	0.081	0.482	0.359	0.328	PP03	S127.r.bam
PO	PP04_S108.r.bam	0	0	1	3	1953.514	0.116	0.126	0.081	0.482	0.359	0.328	PP04	S108.r.bam
PO	PP05_S113.r.bam	0	0	2	4	1953.514	0.116	0.126	0.081	0.482	0.359	0.328	PP05	S113.r.bam
PO	PP06_S169.r.bam	0	0	2	3	1953.514	0.116	0.126	0.081	0.482	0.359	0.328	PP06	S169.r.bam
PO	PP07_S74.r.bam	0	0	1	1	1953.514	0.116	0.126	0.081	0.482	0.359	0.328	PP07	S74.r.bam
PO	PP08_S39.r.bam	0	0	2	0	1953.514	0.116	0.126	0.081	0.482	0.359	0.328	PP08	S39.r.bam
PO	PP09_S80.r.bam	0	0	1	4	1953.514	0.116	0.126	0.081	0.482	0.359	0.328	PP09	S80.r.bam
PO	PP10_S135.r.bam	0	0	2	2	1953.514	0.116	0.126	0.081	0.482	0.359	0.328	PP10	S135.r.bam
PO	PP11_S141.r.bam	0	0	1	5	1953.514	0.116	0.126	0.081	0.482	0.359	0.328	PP11	S141.r.bam
PO	PP12_S240.r.bam	0	0	2	3	1953.514	0.116	0.126	0.081	0.482	0.359	0.328	PP12	S240.r.bam
PO	PP13_S48.r.bam	0	0	1	1	1953.514	0.116	0.126	0.081	0.482	0.359	0.328	PP13	S48.r.bam
PO	PP14_S109.r.bam	0	0	2	5	1953.514	0.116	0.126	0.081	0.482	0.359	0.328	PP14	S109.r.bam
PO	PP15_S182.r.bam	0	0	1	3	1953.514	0.116	0.126	0.081	0.482	0.359	0.328	PP15	S182.r.bam
PO	PP16_S165.r.bam	0	0	2	3	1953.514	0.116	0.126	0.081	0.482	0.359	0.328	PP16	S165.r.bam
PO	PP17_S137.r.bam	0	0	1	4	1953.514	0.116	0.126	0.081	0.482	0.359	0.328	PP17	S137.r.bam
PO	PP18_S136.r.bam	0	0	2	4	1953.514	0.116	0.126	0.081	0.482	0.359	0.328	PP18	S136.r.bam
PO	PP19_S75.r.bam	0	0	1	4	1953.514	0.116	0.126	0.081	0.482	0.359	0.328	PP19	S75.r.bam
PO	PP20_S249.r.bam	0	0	2	4	1953.514	0.116	0.126	0.081	0.482	0.359	0.328	PP20	S249.r.bam
PO	PP21_S14.r.bam	0	0	1	0	1953.514	0.116	0.126	0.081	0.482	0.359	0.328	PP21	S14.r.bam
PO	PP22_S146.r.bam	0	0	2	4	1953.514	0.116	0.126	0.081	0.482	0.359	0.328	PP22	S146.r.bam
PO	PP23_S307.r.bam	0	0	1	3	1953.514	0.116	0.126	0.081	0.482	0.359	0.328	PP23	S307.r.bam
PO	PP24_S110.r.bam	0	0	2	5	1953.514	0.116	0.126	0.081	0.482	0.359	0.328	PP24	S110.r.bam
PO	PP25_S83.r.bam	0	0	2	4	1953.514	0.116	0.126	0.081	0.482	0.359	0.328	PP25	S83.r.bam
PO	PP26_S105.r.bam	0	0	2	3	1953.514	0.116	0.126	0.081	0.482	0.359	0.328	PP26	S105.r.bam
PO	PP27_S156.r.bam	0	0	2	3	1953.514	0.116	0.126	0.081	0.482	0.359	0.328	PP27	S156.r.bam
PO	PP28_S107.r.bam	0	0	2	4	1953.514	0.116	0.126	0.081	0.482	0.359	0.328	PP28	S107.r.bam
PO	PP29_S189.r.bam	0	0	1	4	1953.514	0.116	0.126	0.081	0.482	0.359	0.328	PP29	S189.r.bam
PO	PP30_S252.r.bam	0	0	1	4	1953.514	0.116	0.126	0.081	0.482	0.359	0.328	PP30	S252.r.bam
PO	PP31_S221.r.bam	0	0	1	2	1953.514	0.116	0.126	0.081	0.482	0.359	0.328	PP31	S221.r.bam
PO	PP32_S271.r.bam	0	0	0	4	1953.514	0.116	0.126	0.081	0.482	0.359	0.328	PP32	S271.r.bam
PO	PP33_S277.r.bam	0	0	0	-9	1953.514	0.116	0.126	0.081	0.482	0.359	0.328	PP33	S277.r.bam
PO	PP37_S2.r.bam	0	0	2	-9	1953.514	0.116	0.126	0.081	0.482	0.359	0.328	PP37	S2.r.bam
PD	PP34_S265.r.bam	0	0	2	-9	998.651	0.122	0.135	0.113	0.4	0.335	0.372	PP34	S265.r.bam
PD	PP35_S269.r.bam	0	0	2	0	998.651	0.122	0.135	0.113	0.4	0.335	0.372	PP35	S269.r.bam
PD	PP36_S254.r.bam	0	0	1	0	998.651	0.122	0.135	0.113	0.4	0.335	0.372	PP36	S254.r.bam
SC	SC01_S163.r.bam	0	0	1	5	3385.969	0.052	0.059	0.052	0.276	0.38	0.627	SC01	S163.r.bam
SC	SC02_S168.r.bam	0	0	1	4	3385.969	0.052	0.059	0.052	0.276	0.38	0.627	SC02	S168.r.bam
SC	SC03_S180.r.bam	0	0	1	4	3385.969	0.052	0.059	0.052	0.276	0.38	0.627	SC03	S180.r.bam
SC	SC04_S149.r.bam	0	0	1	-9	3385.969	0.052	0.059	0.052	0.276	0.38	0.627	SC04	S149.r.bam
SC	SC05_S170.r.bam	0	0	0	4	3385.969	0.052	0.059	0.052	0.276	0.38	0.627	SC05	S170.r.bam
SC	SC06_S126.r.bam	0	0	2	0	3385.969	0.052	0.059	0.052	0.276	0.38	0.627	SC06	S126.r.bam
SC	SC07_S101.r.bam	0	0	1	3	3385.969	0.052	0.059	0.052	0.276	0.38	0.627	SC07	S101.r.bam
SC	SC08_S98.r.bam	0	0	2	4	3385.969	0.052	0.059	0.052	0.276	0.38	0.627	SC08	S98.r.bam
SC	SC09_S161.r.bam	0	0	2	2	3385.969	0.052	0.059	0.052	0.276	0.38	0.627	SC09	S161.r.bam
SC	SC10_S122.r.bam	0	0	1	1	3385.969	0.052	0.059	0.052	0.276	0.38	0.627	SC10	S122.r.bam
SC	SC11_S145.r.bam	0	0	1	0	3385.969	0.052	0.059	0.052	0.276	0.38	0.627	SC11	S145.r.bam
SC	SC12_S84.r.bam	0	0	1	5	3385.969	0.052	0.059	0.052	0.276	0.38	0.627	SC12	S84.r.bam
SC	SC13_S187.r.bam	0	0	2	4	3385.969	0.052	0.059	0.052	0.276	0.38	0.627	SC13	S187.r.bam
SC	SC14_S116.r.bam	0	0	2	4	3385.969	0.052	0.059	0.052	0.276	0.38	0.627	SC14	S116.r.bam
SC	SC15_S250.r.bam	0	0	2	3	3385.969	0.052	0.059	0.052	0.276	0.38	0.627	SC15	S250.r.bam
SC	SC16_S3.r.bam	0	0	2	3	3385.969	0.052	0.059	0.052	0.276	0.38	0.627	SC16	S3.r.bam
SC	SC17_S1.r.bam	0	0	2	-9	3385.969	0.052	0.059	0.052	0.276	0.38	0.627	SC17	S1.r.bam
SC	SC18_S17.r.bam	0	0	0	3	3385.969	0.052	0.059	0.052	0.276	0.38	0.627	SC18	S17.r.bam
SC	SC19_S106.r.bam	0	0	0	-9	3385.969	0.052	0.059	0.052	0.276	0.38	0.627	SC19	S106.r.bam
SC	SC20_S31.r.bam	0	0	0	3	3385.969	0.052	0.059	0.052	0.276	0.38	0.627	SC20	S31.r.bam
SC	SC21_S8.r.bam	0	0	0	2	3385.969	0.052	0.059	0.052	0.276	0.38	0.627	SC21	S8.r.bam
SC	SC22_S19.r.bam	0	0	0	2	3385.969	0.052	0.059	0.052	0.276	0.38	0.627	SC22	S19.r.bam
SC	SC23_S11.r.bam	0	0	0	3	3385.969	0.052	0.059	0.052	0.276	0.38	0.627	SC23	S11.r.bam
SC	SC24_S6.r.bam	0	0	0	2	3385.969	0.052	0.059	0.052	0.276	0.38	0.627	SC24	S6.r.bam
SC	SC25_S28.r.bam	0	0	0	2	3385.969	0.052	0.059	0.052	0.276	0.38	0.627	SC25	S28.r.bam
SC	SC26_S278.r.bam	0	0	0	4	3385.969	0.052	0.059	0.052	0.276	0.38	0.627	SC26	S278.r.bam
TB	TB01_S143.r.bam	0	0	1	2	4598.484	0.025	0.027	0.016	0.192	0.32	0.773	TB01	S143.r.bam
TB	TB02_S176.r.bam	0	0	1	0	4598.484	0.025	0.027	0.016	0.192	0.32	0.773	TB02	S176.r.bam
TB	TB04_S69.r.bam	0	0	1	1	4598.484	0.025	0.027	0.016	0.192	0.32	0.773	TB04	S69.r.bam
TB	TB05_S92.r.bam	0	0	1	3	4598.484	0.025	0.027	0.016	0.192	0.32	0.773	TB05	S92.r.bam
TB	TB06_S175.r.bam	0	0	1	3	4598.484	0.025	0.027	0.016	0.192	0.32	0.773	TB06	S175.r.bam
TB	TB07_S248.r.bam	0	0	2	0	4598.484	0.025	0.027	0.016	0.192	0.32	0.773	TB07	S248.r.bam
TB	TB08_S234.r.bam	0	0	1	-9	4598.484	0.025	0.027	0.016	0.192	0.32	0.773	TB08	S234.r.bam
TB	TB09_S251.r.bam	0	0	2	0	4598.484	0.025	0.027	0.016	0.192	0.32	0.773	TB09	S251.r.bam
TB	TB10_S151.r.bam	0	0	1	0	4598.484	0.025	0.027	0.016	0.192	0.32	0.773	TB10	S151.r.bam
TB	TB11_S179.r.bam	0	0	2	3	4598.484	0.025	0.027	0.016	0.192	0.32	0.773	TB11	S179.r.bam
TB	TB12_S194.r.bam	0	0	1	1	4598.484	0.025	0.027	0.016	0.192	0.32	0.773	TB12	S194.r.bam
TB	TB13_S244.r.bam	0	0	2	1	4598.484	0.025	0.027	0.016	0.192	0.32	0.773	TB13	S244.r.bam
TB	TB14_S173.r.bam	0	0	1	3	4598.484	0.025	0.027	0.016	0.192	0.32	0.773	TB14	S173.r.bam
TB	TB15_S85.r.bam	0	0	2	1	4598.484	0.025	0.027	0.016	0.192	0.32	0.773	TB15	S85.r.bam
TB	TB16_S103.r.bam	0	0	1	0	4598.484	0.025	0.027	0.016	0.192	0.32	0.773	TB16	S103.r.bam
TB	TB17_S185.r.bam	0	0	2	0	4598.484	0.025	0.027	0.016	0.192	0.32	0.773	TB17	S185.r.bam
TB	TB18_S247.r.bam	0	0	1	3	4598.484	0.025	0.027	0.016	0.192	0.32	0.773	TB18	S247.r.bam
TB	TB19_S191.r.bam	0	0	2	4	4598.484	0.025	0.027	0.016	0.192	0.32	0.773	TB19	S191.r.bam
TB	TB20_S18.r.bam	0	0	1	0	4598.484	0.025	0.027	0.016	0.192	0.32	0.773	TB20	S18.r.bam
TB	TB21_S155.r.bam	0	0	2	0	4598.484	0.025	0.027	0.016	0.192	0.32	0.773	TB21	S155.r.bam
TB	TB22_S177.r.bam	0	0	1	0	4598.484	0.025	0.027	0.016	0.192	0.32	0.773	TB22	S177.r.bam
TB	TB23_S96.r.bam	0	0	2	3	4598.484	0.025	0.027	0.016	0.192	0.32	0.773	TB23	S96.r.bam
TB	TB24_S91.r.bam	0	0	1	0	4598.484	0.025	0.027	0.016	0.192	0.32	0.773	TB24	S91.r.bam
TB	TB25_S139.r.bam	0	0	2	3	4598.484	0.025	0.027	0.016	0.192	0.32	0.773	TB25	S139.r.bam
TB	TB26_S193.r.bam	0	0	2	1	4598.484	0.025	0.027	0.016	0.192	0.32	0.773	TB26	S193.r.bam
TB	TB27_S190.r.bam	0	0	1	2	4598.484	0.025	0.027	0.016	0.192	0.32	0.773	TB27	S190.r.bam
TB	TB28_S104.r.bam	0	0	2	2	4598.484	0.025	0.027	0.016	0.192	0.32	0.773	TB28	S104.r.bam
TB	TB29_S71.r.bam	0	0	1	3	4598.484	0.025	0.027	0.016	0.192	0.32	0.773	TB29	S71.r.bam
TB	TB30_S15.r.bam	0	0	2	2	4598.484	0.025	0.027	0.016	0.192	0.32	0.773	TB30	S15.r.bam
TB	TB31_S59.r.bam	0	0	1	0	4598.484	0.025	0.027	0.016	0.192	0.32	0.773	TB31	S59.r.bam
TB	TB32_S310.r.bam	0	0	1	0	4598.484	0.025	0.027	0.016	0.192	0.32	0.773	TB32	S310.r.bam
TB	TB33_S273.r.bam	0	0	2	1	4598.484	0.025	0.027	0.016	0.192	0.32	0.773	TB33	S273.r.bam
TB	TB34_S197.r.bam	0	0	1	0	4598.484	0.025	0.027	0.016	0.192	0.32	0.773	TB34	S197.r.bam
TB	TB35_S238.r.bam	0	0	1	1	4598.484	0.025	0.027	0.016	0.192	0.32	0.773	TB35	S238.r.bam
TB	TB36_S344.r.bam	0	0	1	0	4598.484	0.025	0.027	0.016	0.192	0.32	0.773	TB36	S344.r.bam
